1,1972-01-02,01-02-72,0,602,0,1,5,
2,1977-05-08,05-08-77,985,1,1,1,3,
3,1972-08-27,08-27-72,769,2,2,1,,
4,1970-02-13,02-13-70b,525,3,3,0,,*appears on Bear's Choice **appears on Dick's Picks Vol 411:30 show - first Wake Up Little Susie - Bear's Choice shows - billing: GD; Allman Brothers Band; Love
5,1970-05-02,05-02-70,556,4,4,1,,I Own this on CD
6,1990-03-29,03-29-90,1911,5,5,1,,*with Branford Marsalis Eyes appears on Without A Net
7,1989-10-09,10-09-89,1876,6,6,1,,
8,1969-03-01,03-01-69,384,7,7,1,,
9,1978-12-31,12-31-78,1107,602,8,0,,Grateful Dead - Closing of Winterland CD
10,1971-04-29,04-29-71,681,3,9,1,,
11,1991-09-10,09-10-91,2026,8,10,1,,
12,1977-05-09,05-09-77,986,9,11,1,,
13,1978-07-08,07-08-78,1075,10,12,1,,
14,1989-10-16,10-16-89,1881,11,13,1,,
15,1970-02-14,02-14-70b,527,3,14,0,,some*appears on Bear's Choice **appears on Dick's Picks Vol 4
16,1974-06-28,06-28-74,900,12,15,0,,show is featured on Dick's Picks 12
17,1969-02-28,02-28-69,383,7,16,1,,
18,1973-05-26,05-26-73,833,13,17,1,,
19,1977-11-06,11-06-77,1023,14,18,1,,
20,1971-02-18,02-18-71,646,15,19,1,,
21,1971-04-28,04-28-71,680,3,20,1,,FTP also has NRPS
22,1973-06-10,06-10-73,835,16,21,1,5,
23,1974-10-18,10-18-74,920,602,22,1,,parts on steal your face
24,1972-05-11,05-11-72,748,17,23,1,,
25,1973-02-15,02-15-73,812,18,24,1,2,
26,1977-02-26,02-26-77,968,19,25,1,4,
27,1979-10-27,10-27-79,1154,20,26,1,,
28,1973-02-09,02-09-73,811,21,27,1,,
29,1990-09-20,09-20-90,1948,8,28,1,,
30,1974-05-19,05-19-74,890,22,29,1,,
31,1974-06-18,06-18-74,895,23,30,1,,
32,1974-10-19,10-19-74,921,602,31,0,,also Aud mix available
33,1977-06-09,06-09-77,1002,602,32,1,,
34,1991-10-31,10-31-91,2042,24,33,1,,
35,1995-03-23,03-23-95,2278,25,34,1,,1995 maybe best of the end
36,1972-05-26,05-26-72,755,26,35,1,,
37,1985-11-01,11-01-85,1598,27,36,1,,Dicks Picks 21
38,1974-02-24,02-24-74,885,602,37,1,,
39,1975-08-13,08-13-75,925,28,38,0,,Not available
40,1984-07-13,07-13-84,1517,29,39,1,,
41,1990-03-24,03-24-90,1907,30,40,0,,Dozin at the Knick. 
42,1968-02-14,02-14-68,248,31,41,1,,
43,1985-06-28,06-28-85,1575,32,42,1,,
44,1991-09-26,09-26-91,2038,12,43,1,,
45,1993-09-22,09-22-93,2169,8,44,1,,Row 2 Aud Also available
46,1971-11-07,11-07-71,707,33,45,1,,
47,1991-06-14,06-14-91,2006,16,46,1,,
48,1994-10-14,10-14-94,2252,8,47,1,,
49,1969-11-08,11-08-69,483,34,48,0,,dicks pick 16
50,1974-06-26,06-26-74,899,35,49,0,,dicks pick 12
51,1977-05-07,05-07-77,984,12,50,1,5,
52,1995-03-19,03-19-95,2276,36,51,1,,
53,1968-10-30,10-30-68,330,37,52,1,,
54,1970-02-11,02-11-70b,522,3,53,1,,
55,1970-05-15,05-15-70a,564,3,54,1,,included on late set FTP also NRPS
56,1970-05-15,05-15-70b,565,3,54,1,,includes early set Also NRPS
57,1970-09-20,09-20-70,602,3,55,1,,
58,1985-06-30,06-30-85,1576,38,56,1,,Dled -  2 other versions
59,1987-09-18,09-18-87,1725,8,57,1,,2 other versions
60,1990-09-19,09-19-90,1947,8,58,1,,
61,1993-05-16,05-16-93,2131,39,59,1,,
62,1995-07-09,07-09-95,2314,40,60,1,,
63,1970-09-19,09-19-70,601,3,61,1,,
64,1976-07-18,07-18-76,951,41,62,1,,
65,1977-10-02,10-02-77,1007,42,63,1,,
66,1990-07-12,07-12-90,1930,16,64,1,,
67,1991-08-16,08-16-91,2018,43,65,1,,
68,1993-03-24,03-24-93,2119,44,66,1,,
69,1971-04-17,04-17-71,672,45,67,1,,
70,1973-11-17,11-17-73,868,46,68,1,,
71,1973-12-02,12-02-73,875,47,69,0,,
72,1977-05-19,05-19-77,993,48,70,0,,
73,1977-09-03,09-03-77,1003,49,71,0,,
74,1980-10-31,10-31-80,1255,50,72,1,,
75,1989-05-06,05-06-89,1849,51,73,1,,
76,1989-10-08,10-08-89,1875,6,74,1,,
77,1993-08-21,08-21-93,2153,52,75,1,,
78,1993-09-13,09-13-93,2162,36,76,0,,
79,1969-02-22,02-22-69,380,53,77,0,,
80,1969-04-22,04-22-69,404,54,78,0,,
81,1970-11-08,11-08-70,622,15,79,0,,
82,1979-12-26,12-26-79,1178,55,80,0,,
83,1987-12-31,12-31-87,1743,24,81,0,,
84,1991-06-17,06-17-91,2008,56,82,0,,
85,1992-05-31,05-31-92,2076,39,83,0,,
86,1992-06-20,06-20-92,2086,16,84,0,,
87,1993-08-22,08-22-93,2154,52,85,0,,
88,1995-06-25,06-25-95,2306,16,86,0,,
89,1966-07-16,07-16-66,57,34,87,0,,
90,1966-11-19,11-19-66,98,34,88,0,,
91,1968-09-02,09-02-68,317,57,89,0,,
92,1970-05-06,05-06-70,558,58,90,0,,
93,1971-07-02,07-02-71,685,7,91,0,,
94,1977-03-18,03-18-77,970,602,92,0,,
95,1977-05-05,05-05-77,983,59,93,0,,
96,1978-07-07,07-07-78,1074,10,94,0,,
97,1978-10-21,10-21-78,1085,602,95,0,,
98,1978-11-24,11-24-78,1095,60,96,0,,
99,1979-12-01,12-01-79,1170,61,97,1,,Available SATNight only FTP, Incomplete
100,1980-09-06,09-06-80,1230,62,98,0,,Available SATNight 1st Set only
101,1981-10-16,10-16-81,1334,63,99,0,,
102,1989-07-17,07-17-89,1863,64,100,0,,
103,1993-05-27,05-27-93,2137,65,101,0,,
104,1994-07-20,07-20-94,2225,66,102,1,,
105,1994-10-01,10-01-94,2242,12,103,0,,
106,1966-07-17,07-17-66,58,34,104,1,,The version I have is in conflict with DeadBase
107,1968-10-09,10-09-68,322,37,105,0,,
108,1970-06-24,06-24-70a,578,15,107,0,,
109,1970-06-24,06-24-70b,579,15,107,0,,
110,1972-12-31,12-31-72,810,602,108,1,,
111,1973-11-11,11-11-73,866,602,109,0,,
112,1974-06-16,06-16-74,894,67,110,0,,
113,1974-06-23,06-23-74,898,68,111,0,,
114,1974-08-06,08-06-74,910,69,112,0,,
115,1976-10-09,10-09-76,963,70,113,0,,
116,1976-12-31,12-31-76,967,71,114,0,,
117,1977-10-29,10-29-77,1017,72,115,0,,
118,1978-01-22,01-22-78,1038,73,116,0,,
119,1981-05-06,05-06-81,1292,5,117,0,,
120,1982-10-10,10-10-82,1404,51,118,0,,
121,1982-12-31,12-31-82,1411,55,119,0,,
122,1985-06-24,06-24-85,1572,74,120,0,,
123,1986-03-24,03-24-86,1622,36,121,0,,
124,1988-03-27,03-27-88,1753,6,122,0,,
125,1990-03-22,03-22-90,1906,75,123,0,,
126,1990-09-16,09-16-90,1945,8,124,0,,Dicks Picks 9
127,1990-12-31,12-31-90,1970,24,125,0,,
128,1991-04-01,04-01-91,1985,76,126,0,,
129,1991-06-25,06-25-91,2013,77,127,0,,
130,1991-10-27,10-27-91,2039,24,128,0,,
131,1992-06-25,06-25-92,2089,40,129,0,,
132,1994-07-02,07-02-94,2219,43,130,1,,
133,1994-10-05,10-05-94,2245,36,131,0,,
134,1995-04-01,04-01-95,2284,78,132,0,,
135,1995-06-30,06-30-95,2309,79,133,0,,
136,1969-04-21,04-21-69,403,54,134,0,,
137,1969-06-14,06-14-69,430,80,135,0,,
138,1972-04-14,04-14-72,737,81,136,0,,
139,1972-05-23,05-23-72,752,26,137,0,,
140,1973-09-21,09-21-73,853,36,138,0,,
141,1973-11-30,11-30-73,873,47,139,0,,
142,1973-12-19,12-19-73,882,82,140,0,,
143,1974-07-19,07-19-74,902,83,141,0,,
144,1974-10-20,10-20-74,922,602,142,0,,
145,1975-09-28,09-28-75,926,84,143,1,,
146,1976-06-11,06-11-76,931,47,144,0,,
147,1977-05-22,05-22-77,995,85,145,0,,
148,1981-03-28,03-28-81,1286,86,146,0,,
149,1982-08-07,08-07-82,1386,64,147,0,,
150,1982-08-08,08-08-82,1387,64,148,0,,
151,1982-08-10,08-10-82,1388,87,149,0,,
152,1985-06-14,06-14-85,1567,29,150,0,,
153,1985-06-27,06-27-85,1574,88,151,0,,
154,1985-09-03,09-03-85,1585,89,152,0,,
155,1988-07-02,07-02-88,1782,90,153,0,,
156,1989-10-19,10-19-89,1883,36,154,0,,
157,1989-10-26,10-26-89,1888,91,155,0,,
158,1990-03-26,03-26-90,1909,30,156,0,,
159,1990-03-30,03-30-90,1912,5,157,0,,
160,1990-07-16,07-16-90,1932,92,158,0,,
161,1990-10-27,10-27-90,1955,93,159,0,,
162,1990-11-01,11-01-90,1959,94,160,0,,
163,1991-09-20,09-20-91,2033,12,161,0,,
164,1991-12-28,12-28-91,2045,24,162,1,,
165,1993-05-26,05-26-93,2136,65,163,1,,
166,1994-03-30,03-30-94,2200,95,164,0,,
167,1994-12-16,12-16-94,2265,96,165,0,,
168,1995-07-06,07-06-95,2312,97,166,0,,
169,1968-08-21,08-21-68,308,7,167,0,,
170,1969-04-05,04-05-69,394,98,168,0,,
171,1969-06-07,06-07-69,426,7,169,0,,
172,1969-12-12,12-12-69,491,99,170,0,,
173,1970-02-02,02-02-70,515,100,171,0,,
174,1971-04-08,04-08-71,666,47,172,0,,
175,1971-04-27,04-27-71,679,3,173,0,,not on archive.org
176,1971-10-31,10-31-71,705,101,174,0,,
177,1972-07-26,07-26-72,762,42,175,0,,
178,1972-11-19,11-19-72,802,102,176,0,,
179,1973-06-22,06-22-73,836,103,177,0,,
180,1973-09-11,09-11-73,847,104,178,0,,
181,1974-09-18,09-18-74,915,105,179,0,,
182,1976-06-14,06-14-76,933,106,180,0,,
183,1976-06-19,06-19-76,937,60,181,0,,
184,1977-04-23,04-23-77,974,107,182,0,,
185,1977-05-17,05-17-77,991,108,183,0,,
186,1978-04-15,04-15-78,1052,104,184,0,,
187,1978-10-22,10-22-78,1086,602,185,0,,
188,1979-12-28,12-28-79,1180,55,186,0,,
189,1982-04-06,04-06-82,1361,36,187,0,,
190,1982-08-03,08-03-82,1383,89,188,0,,
191,1985-04-27,04-27-85,1565,51,189,0,,
192,1985-11-05,11-05-85,1601,109,190,0,,
193,1988-04-01,04-01-88,1757,11,191,0,,
194,1989-06-21,06-21-89,1854,43,192,0,,
195,1990-03-19,03-19-90,1904,110,193,0,,
196,1990-10-20,10-20-90,1952,111,194,0,,
197,1990-12-12,12-12-90,1964,112,195,0,,
198,1991-04-27,04-27-91,1992,39,196,0,,
199,1991-09-16,09-16-91,2030,8,197,0,,
200,1992-06-18,06-18-92,2085,25,198,0,,
201,1992-12-16,12-16-92,2101,24,199,0,,
202,1993-02-23,02-23-93,2108,24,200,0,,
203,1993-03-25,03-25-93,2120,44,201,0,,
204,1994-06-19,06-19-94,2214,52,202,0,,
205,1994-06-26,06-26-94,2217,39,203,0,,
206,1995-05-26,05-26-95,2294,113,204,0,,
207,1995-06-02,06-02-95,2297,43,205,0,,
208,1995-06-21,06-21-95,2303,30,206,0,,
209,1995-07-08,07-08-95,2313,40,207,0,,
210,1967-03-18,03-18-67,142,602,208,0,,
211,1969-04-27,04-27-69,408,114,209,0,,
212,1969-05-24,05-24-69,419,115,210,0,,
213,1970-10-31,10-31-70a,617,116,211,0,,
214,1970-10-31,10-31-70b,618,116,211,0,,
215,1971-02-20,02-20-71,648,15,212,0,,
216,1971-08-06,08-06-71,689,117,213,0,,
217,1971-12-05,12-05-71,717,118,214,0,,
218,1971-12-14,12-14-71,722,119,215,0,,
219,1972-08-22,08-22-72,766,120,216,0,,
220,1973-02-17,02-17-73,813,121,217,0,,
221,1973-03-24,03-24-73,825,36,218,0,,
222,1973-10-19,10-19-73,856,122,219,0,,
223,1973-11-10,11-10-73,865,602,220,0,,
224,1974-03-23,03-23-74,886,71,221,0,,
225,1975-03-23,03-23-75,923,13,222,0,,
226,1976-06-03,06-03-76,927,42,223,0,,
227,1976-06-12,06-12-76,932,47,224,0,,
228,1976-06-15,06-15-76,934,106,225,0,,
229,1976-06-29,06-29-76,945,123,226,0,,
230,1977-04-29,04-29-77,978,124,227,0,,
231,1977-05-13,05-13-77,989,123,228,0,,
232,1977-11-02,11-02-77,1020,125,229,0,,
233,1977-11-05,11-05-77,1022,126,230,0,,
234,1978-04-08,04-08-78,1047,127,231,0,,
235,1978-04-14,04-14-78,1051,128,232,0,,
236,1978-04-16,04-16-78,1053,129,233,0,,
237,1978-09-16,09-16-78,1081,130,234,1,,
238,1978-10-20,10-20-78,1084,602,235,0,,
239,1980-04-01,04-01-80,1186,60,236,0,,
240,1980-06-21,06-21-80,1212,131,237,0,,
241,1980-10-04,10-04-80,1238,132,238,0,,
242,1982-04-18,04-18-82,1369,110,239,0,,
243,1983-04-13,04-13-83,1421,133,240,0,,
244,1983-06-20,06-20-83,1435,38,241,0,,
245,1983-10-11,10-11-83,1463,8,242,1,,
246,1983-10-15,10-15-83,1466,110,243,0,,
247,1983-10-21,10-21-83,1470,109,244,0,,
248,1984-04-01,04-01-84,1481,134,245,0,,
249,1984-10-12,10-12-84,1527,135,246,0,,
250,1984-10-20,10-20-84,1532,136,247,0,,
251,1984-11-02,11-02-84,1537,120,248,0,,
252,1985-09-07,09-07-85,1588,10,249,0,,
253,1985-10-31,10-31-85,1597,137,250,0,,
254,1985-11-21,11-21-85,1609,138,251,0,,
255,1986-06-22,06-22-86,1643,29,252,0,,
256,1986-12-15,12-15-86,1652,24,253,0,,
257,1988-06-28,06-28-88,1780,88,254,0,,
258,1988-06-30,06-30-88,1781,139,255,1,,
259,1988-07-29,07-29-88,1787,140,256,0,,
260,1988-09-03,09-03-88,1793,141,257,0,,
261,1988-09-24,09-24-88,1808,8,258,0,,
262,1989-02-12,02-12-89,1829,142,259,0,,
263,1989-07-10,07-10-89,1859,56,260,0,,
264,1989-07-19,07-19-89,1865,64,261,0,,
265,1989-12-31,12-31-89,1896,24,262,0,,
266,1990-03-15,03-15-90,1901,141,263,0,,
267,1990-03-18,03-18-90,1903,110,264,0,,
268,1990-03-28,03-28-90,1910,5,265,0,,
269,1990-05-05,05-05-90,1916,143,266,0,,
270,1990-06-23,06-23-90,1924,52,267,0,,
271,1990-10-31,10-31-90,1958,94,268,0,,
272,1991-06-22,06-22-91,2011,40,269,0,,
273,1991-08-17,08-17-91,2019,43,270,0,,
274,1992-05-19,05-19-92,2068,65,271,0,,
275,1992-05-30,05-30-92,2075,39,272,0,,
276,1992-06-28,06-28-92,2091,66,273,0,,
277,1992-07-01,07-01-92,2093,144,274,0,,
278,1993-03-10,03-10-93,2110,145,275,0,,
279,1993-03-17,03-17-93,2114,141,276,0,,
280,1993-03-27,03-27-93,2121,30,277,0,,
281,1993-06-06,06-06-93,2139,56,278,0,,
282,1994-03-27,03-27-94,2198,5,279,0,,
283,1994-07-29,07-29-94,2231,144,280,0,,
284,1994-08-01,08-01-94,2233,146,281,0,,
285,1994-10-03,10-03-94,2244,12,282,0,,
286,1994-10-17,10-17-94,2254,8,283,0,,
287,1995-02-21,02-21-95,2270,147,284,0,,
288,1995-03-17,03-17-95,2274,36,285,0,,
289,1995-03-18,03-18-95,2275,36,286,0,,
290,1995-03-29,03-29-95,2282,95,287,0,,
291,1995-03-30,03-30-95,2283,95,288,0,,
292,1995-04-02,04-02-95,2285,78,289,0,,
293,1995-04-07,04-07-95,2288,148,290,0,,
294,1967-11-10,11-10-67,227,149,291,0,,
295,1967-11-11,11-11-67,228,149,292,0,,
296,1968-01-20,01-20-68,239,150,293,0,,
297,1969-02-21,02-21-69,379,53,294,0,,
298,1969-04-06,04-06-69,395,98,295,0,,
299,1969-05-23,05-23-69,418,115,296,0,,
300,1969-11-07,11-07-69,482,34,297,0,,
301,1969-12-30,12-30-69,499,151,298,0,,
302,1970-02-01,02-01-70,514,152,299,0,,
303,1970-04-03,04-03-70,543,153,300,0,,
304,1970-05-14,05-14-70,563,154,301,0,,
305,1971-02-24,02-24-71,651,15,302,0,,
306,1971-04-06,04-06-71,664,155,303,0,,
307,1971-04-18,04-18-71,673,156,304,0,,
308,1971-04-24,04-24-71,676,157,305,0,,
309,1971-10-30,10-30-71,704,158,306,0,,
310,1971-12-01,12-01-71,714,47,307,0,,
311,1971-12-15,12-15-71,723,119,308,0,,
312,1972-03-25,03-25-72,730,159,309,0,,
313,1972-04-17,04-17-72,739,81,310,0,,
314,1972-07-18,07-18-72,758,69,311,0,,
315,1972-09-23,09-23-72,778,160,312,1,,
316,1972-09-24,09-24-72,779,160,313,0,,
317,1972-10-28,10-28-72,794,161,314,0,,
318,1973-02-26,02-26-73,818,162,315,0,,
319,1973-10-25,10-25-73,859,18,316,0,,
320,1973-12-01,12-01-73,874,47,317,0,,
321,1974-05-21,05-21-74,891,163,318,0,,
322,1974-05-25,05-25-74,892,164,319,0,,
323,1974-06-08,06-08-74,893,70,320,0,,
324,1975-06-17,06-17-75,924,602,321,0,,
325,1976-06-09,06-09-76,929,47,322,0,,
326,1976-06-10,06-10-76,930,47,323,0,,
327,1976-06-23,06-23-76,940,165,324,0,,
328,1977-05-15,05-15-77,990,166,325,0,,
329,1977-11-01,11-01-77,1019,167,326,0,,
330,1977-11-04,11-04-77,1021,168,327,0,,
331,1978-02-05,02-05-78,1044,169,328,0,,
332,1978-04-11,04-11-78,1049,48,329,0,,
333,1978-04-24,04-24-78,1058,170,330,0,,
334,1978-05-17,05-17-78,1068,171,331,0,,
335,1978-07-03,07-03-78,1072,172,332,0,,
336,1979-01-15,01-15-79,1115,107,333,0,,
337,1979-02-17,02-17-79,1127,24,334,0,,
338,1979-08-05,08-05-79,1142,55,335,0,,
339,1979-12-31,12-31-79,1182,55,336,0,,
340,1980-08-19,08-19-80,1217,171,337,0,,
341,1980-08-21,08-21-80,1219,171,338,0,,
342,1980-09-02,09-02-80,1227,126,339,0,,
343,1980-12-06,12-06-80,1260,173,340,0,,
344,1981-02-27,02-27-81,1270,171,341,0,,
345,1981-02-28,02-28-81,1271,171,342,0,,
346,1981-03-10,03-10-81,1278,8,343,0,,
347,1981-12-31,12-31-81,1350,55,344,0,,
348,1982-04-19,04-19-82,1370,174,345,0,,
349,1982-07-18,07-18-82,1376,175,346,0,,
350,1982-09-09,09-09-82,1392,176,347,0,,
351,1982-09-21,09-21-82,1400,8,348,0,,
352,1983-05-15,05-15-83,1433,29,349,0,,
353,1983-06-18,06-18-83,1434,88,350,0,,
354,1983-10-31,10-31-83,1473,134,351,0,,
355,1983-12-27,12-27-83,1474,177,352,0,,
356,1983-12-31,12-31-83,1477,177,353,0,,
357,1984-06-21,06-21-84,1505,178,354,0,,
358,1984-07-15,07-15-84,1519,29,355,0,,
359,1984-11-03,11-03-84,1538,120,356,0,,
360,1985-04-08,04-08-85,1562,36,357,0,,
361,1985-06-15,06-15-85,1568,29,358,0,,
362,1985-06-16,06-16-85,1569,29,359,0,,
363,1985-06-22,06-22-85,1571,64,360,0,,
364,1985-07-01,07-01-85,1577,38,361,0,,
365,1985-09-15,09-15-85,1592,179,362,1,,
366,1985-11-02,11-02-85,1599,27,363,0,,
367,1985-12-30,12-30-85,1611,24,364,1,,
368,1986-04-19,04-19-86,1634,120,365,1,,
369,1986-12-28,12-28-86,1656,138,366,0,,
370,1987-03-30,03-30-87,1671,36,367,0,,
371,1987-07-12,07-12-87,1704,56,368,0,,
372,1987-07-19,07-19-87,1705,52,369,1,,
373,1987-08-23,08-23-87,1716,180,370,0,,
374,1987-09-09,09-09-87,1719,35,371,0,,
375,1988-03-31,03-31-88,1756,11,372,0,,
376,1988-04-09,04-09-88,1763,109,373,0,,
377,1988-06-23,06-23-88,1777,64,374,0,,
378,1988-07-31,07-31-88,1789,140,375,1,,
379,1989-05-07,05-07-89,1850,51,376,0,,
380,1989-06-19,06-19-89,1853,43,377,0,,
381,1989-07-18,07-18-89,1864,64,378,0,,
382,1989-08-19,08-19-89,1871,29,379,0,,
383,1989-09-29,09-29-89,1872,43,380,0,,
384,1989-10-20,10-20-89,1884,36,381,0,,
385,1989-12-10,12-10-89,1892,142,382,0,,
386,1990-03-14,03-14-90,1900,141,383,0,,
387,1990-03-16,03-16-90,1902,141,384,0,,
388,1990-07-18,07-18-90,1933,66,385,0,,
389,1990-07-23,07-23-90,1937,181,386,0,,
390,1990-09-14,09-14-90,1943,8,387,1,,
391,1990-09-18,09-18-90,1946,8,388,0,,
392,1990-10-30,10-30-90,1957,94,389,0,,
393,1990-12-13,12-13-90,1965,112,390,0,,
394,1990-12-27,12-27-90,1967,24,391,0,,
395,1991-03-20,03-20-91,1976,141,392,0,,
396,1991-03-21,03-21-91,1977,141,393,0,,
397,1991-06-06,06-06-91,2001,66,394,0,,
398,1991-06-07,06-07-91,2002,66,395,0,,
399,1991-08-18,08-18-91,2020,43,396,0,,
400,1991-09-09,09-09-91,2025,8,397,0,,
401,1991-09-22,09-22-91,2035,12,398,0,,
402,1991-09-25,09-25-91,2037,12,399,0,,
403,1991-12-31,12-31-91,2047,24,400,0,,
404,1992-06-12,06-12-92,2081,30,401,0,,
405,1992-06-26,06-26-92,2090,40,402,0,,
406,1992-12-12,12-12-92,2099,24,403,0,,
407,1993-05-14,05-14-93,2129,39,404,0,,
408,1993-06-11,06-11-93,2142,144,405,0,,
409,1993-06-19,06-19-93,2147,40,406,0,,
410,1993-09-20,09-20-93,2167,8,407,0,,
411,1993-12-10,12-10-93,2178,96,408,0,,
412,1994-03-16,03-16-94,2190,145,409,0,,
413,1994-03-21,03-21-94,2194,182,410,0,,
414,1994-06-17,06-17-94,2212,52,411,0,,
415,1994-09-18,09-18-94,2238,43,412,0,,
416,1994-10-15,10-15-94,2253,8,413,1,,
417,1995-05-21,05-21-95,2291,39,414,0,,
418,1995-06-18,06-18-95,2301,56,415,1,,
419,1995-06-28,06-28-95,2308,146,416,0,,
420,1995-07-02,07-02-95,2310,66,417,0,,
421,1966-03-25,03-25-66,33,183,418,0,,
422,1966-11-29,11-29-66,102,37,419,0,,
423,1966-12-01,12-01-66,104,37,420,0,,
424,1967-01-14,01-14-67a,121,184,421,0,,
425,1967-09-29,09-29-67,221,185,422,0,,
426,1967-10-31,10-31-67,226,602,423,0,,
427,1968-01-22,01-22-68,240,186,424,0,,
428,1968-02-02,02-02-68,245,187,425,0,,
429,1968-02-03,02-03-68,246,187,426,0,,
430,1968-03-03,03-03-68,255,188,427,0,,
431,1968-03-16,03-16-68,259,31,428,0,,
432,1968-08-24,08-24-68,311,149,429,0,,
433,1968-10-08,10-08-68,321,37,430,0,,
434,1968-12-16,12-16-68,349,37,431,0,,
435,1969-02-27,02-27-69,382,7,432,0,,
436,1969-03-02,03-02-69,385,7,433,0,,
437,1969-03-29,03-29-69,392,189,434,0,,
438,1969-06-13,06-13-69,429,190,435,0,,
439,1969-06-21,06-21-69a,433,3,436,0,,dled
440,1969-06-21,06-21-69b,434,3,436,0,,
441,1969-06-22,06-22-69,435,191,437,0,,
442,1969-07-10,07-10-69,445,192,438,0,,
443,1969-07-11,07-11-69,446,193,439,0,,
444,1969-07-12,07-12-69,447,193,440,0,,
445,1969-12-05,12-05-69,487,7,441,0,,
446,1969-12-10,12-10-69,489,99,442,0,,
447,1969-12-11,12-11-69,490,99,443,0,,
448,1970-01-10,01-10-70,505,194,444,0,,
449,1970-03-21,03-21-70a,540,15,445,0,,
450,1970-03-21,03-21-70b,541,15,445,0,,
451,1970-04-24,04-24-70,552,195,446,0,,
452,1970-05-07,05-07-70,559,196,447,0,,
453,1970-06-27,06-27-70,580,197,448,0,,
454,1970-08-05,08-05-70,592,194,449,1,,
455,1970-08-18,08-18-70,594,7,450,0,,
456,1970-09-17,09-17-70,599,3,451,0,,
457,1970-09-18,09-18-70,600,3,452,0,,
458,1970-10-18,10-18-70a,611,198,453,0,,
459,1970-10-18,10-18-70b,612,198,453,0,,
460,1970-10-30,10-30-70a,615,116,454,0,,
461,1970-10-30,10-30-70b,616,116,454,0,,
462,1970-11-06,11-06-70,620,15,455,0,,
463,1970-11-07,11-07-70,621,15,456,0,,
464,1971-01-21,01-21-71,643,199,457,0,,
465,1971-02-19,02-19-71,647,15,458,0,,
466,1971-04-05,04-05-71,663,155,459,0,,
467,1971-04-22,04-22-71,675,200,460,0,,
468,1971-04-26,04-26-71,678,3,461,0,,
469,1971-07-31,07-31-71,686,201,462,0,,
470,1971-08-26,08-26-71,695,202,463,0,,
471,1971-10-19,10-19-71,696,203,464,0,,
472,1971-11-20,11-20-71,713,46,465,0,,
473,1971-12-02,12-02-71,715,47,466,0,,
474,1971-12-10,12-10-71,721,100,467,0,,
475,1971-12-31,12-31-71,724,602,468,0,,
476,1972-03-23,03-23-72,729,159,469,0,,
477,1972-03-28,03-28-72,733,159,470,0,,
478,1972-04-08,04-08-72,735,204,471,0,,
479,1972-04-24,04-24-72,741,205,472,0,,
480,1972-04-26,04-26-72,742,206,473,0,,
481,1972-04-29,04-29-72,743,207,474,0,,
482,1972-05-03,05-03-72,744,208,475,0,,
483,1972-05-04,05-04-72,745,208,476,0,,
484,1972-05-10,05-10-72,747,209,477,0,,
485,1972-05-18,05-18-72,751,210,478,0,,
486,1972-05-25,05-25-72,754,26,479,0,,
487,1972-08-21,08-21-72,765,120,480,0,,
488,1972-08-24,08-24-72,767,120,481,0,,
489,1972-09-10,09-10-72,772,117,482,0,,
490,1972-09-17,09-17-72,775,174,483,0,,
491,1972-09-21,09-21-72,777,36,484,0,,
492,1972-09-28,09-28-72,782,211,485,0,,
493,1972-10-18,10-18-72,787,100,486,1,,
494,1972-11-14,11-14-72,798,212,487,0,,
495,1972-12-15,12-15-72,809,213,488,0,,
496,1973-02-19,02-19-73,814,214,489,0,,
497,1973-03-21,03-21-73,823,215,490,0,,
498,1973-03-28,03-28-73,827,107,491,0,,
499,1973-05-13,05-13-73,831,67,492,0,,
500,1973-07-28,07-28-73,842,216,493,0,,
501,1973-09-15,09-15-73,849,35,494,0,,
502,1973-11-14,11-14-73,867,217,495,0,,
503,1973-11-20,11-20-73,869,218,496,0,,
504,1973-11-25,11-25-73,872,219,497,0,,
505,1973-12-06,12-06-73,877,220,498,0,,
506,1973-12-12,12-12-73,880,95,499,0,,
507,1973-12-18,12-18-73,881,82,500,0,,
508,1974-02-23,02-23-74,884,602,501,0,,
509,1974-05-14,05-14-74,888,221,502,0,,
510,1974-05-17,05-17-74,889,103,503,1,,
511,1974-07-27,07-27-74,905,222,504,0,,
512,1974-09-11,09-11-74,913,223,505,0,,
513,1974-10-16,10-16-74,918,602,506,0,,
514,1976-08-02,08-02-76,952,224,507,0,,
515,1976-08-04,08-04-76,953,69,508,0,,
516,1976-09-23,09-23-76,954,225,509,0,,
517,1976-09-25,09-25-76,956,141,510,0,,
518,1976-09-28,09-28-76,958,226,511,0,,
519,1976-09-30,09-30-76,959,227,512,1,,
520,1976-10-03,10-03-76,962,167,513,0,,
521,1976-10-10,10-10-76,964,70,514,0,,
522,1977-03-20,03-20-77,972,602,515,0,,
523,1977-04-26,04-26-77,976,60,516,0,,
524,1977-04-27,04-27-77,977,60,517,0,,
525,1977-05-04,05-04-77,982,124,518,0,,
526,1977-05-21,05-21-77,994,228,519,0,,
527,1977-05-28,05-28-77,998,110,520,0,,
528,1977-06-07,06-07-77,1000,602,521,0,,
529,1977-06-08,06-08-77,1001,602,522,0,,
530,1977-10-01,10-01-77,1006,42,523,0,,
531,1977-10-14,10-14-77,1013,102,524,1,,
532,1977-10-15,10-15-77,1014,229,525,0,,
533,1977-10-30,10-30-77,1018,230,526,0,,
534,1977-12-29,12-29-77,1025,602,527,0,,
535,1978-01-08,01-08-78,1030,194,528,0,,
536,1978-01-11,01-11-78,1032,231,529,0,,
537,1978-01-31,01-31-78,1040,171,530,0,,
538,1978-05-07,05-07-78,1061,232,531,0,,
539,1978-05-16,05-16-78,1067,171,532,0,,
540,1978-06-04,06-04-78,1069,164,533,0,,
541,1978-10-17,10-17-78,1082,602,534,0,,
542,1978-10-18,10-18-78,1083,602,535,0,,
543,1978-11-18,11-18-78,1091,171,536,0,,
544,1978-12-30,12-30-78,1106,46,537,0,,
545,1979-01-08,01-08-79,1110,8,538,1,5,
546,1979-01-17,01-17-79,1116,59,539,0,,
547,1979-01-20,01-20-79,1118,233,540,0,,
548,1979-05-08,05-08-79,1133,234,541,0,,
549,1979-05-09,05-09-79,1134,14,542,0,,
550,1979-05-11,05-11-79,1135,235,543,0,,
551,1979-10-28,10-28-79,1155,20,544,0,,
552,1979-11-01,11-01-79,1157,5,545,0,,
553,1979-11-06,11-06-79,1161,36,546,0,,
554,1980-01-13,01-13-80,1183,24,547,0,,
555,1980-05-10,05-10-80,1195,110,548,0,,
556,1980-05-14,05-14-80,1198,5,549,0,,
557,1980-05-16,05-16-80,1200,5,550,0,,
558,1980-05-31,05-31-80,1203,236,551,0,,
559,1980-06-08,06-08-80,1206,237,552,0,,
560,1980-06-20,06-20-80,1211,131,553,0,,
561,1980-09-25,09-25-80,1231,132,554,0,,
562,1980-09-26,09-26-80,1232,132,555,0,,
563,1980-10-10,10-10-80,1242,132,556,0,,
564,1980-10-11,10-11-80,1243,132,557,0,,
565,1980-10-25,10-25-80,1250,50,558,0,,
566,1980-10-26,10-26-80,1251,50,559,1,,
567,1980-10-30,10-30-80,1254,50,560,0,,
568,1980-11-29,11-29-80,1258,238,561,0,,
569,1980-12-28,12-28-80,1266,55,562,1,,
570,1980-12-31,12-31-80,1268,55,563,0,,
571,1981-03-07,03-07-81,1276,239,564,0,,
572,1981-03-09,03-09-81,1277,8,565,0,,
573,1981-03-13,03-13-81,1280,215,566,0,,
574,1981-03-21,03-21-81,1283,240,567,0,,
575,1981-05-01,05-01-81,1288,6,568,0,,
576,1981-05-04,05-04-81,1290,36,569,0,,
577,1981-05-08,05-08-81,1293,5,570,0,,
578,1981-05-09,05-09-81,1294,5,571,0,,
579,1981-05-11,05-11-81,1295,59,572,0,,
580,1981-05-13,05-13-81,1297,35,573,0,,
581,1981-05-16,05-16-81,1299,1,574,0,,
582,1981-07-04,07-04-81,1302,241,575,0,,
583,1981-07-07,07-07-81,1304,242,576,0,,
584,1981-07-13,07-13-81,1308,112,577,0,,
585,1981-09-11,09-11-81,1318,29,578,0,,
586,1981-10-04,10-04-81,1327,240,579,0,,
587,1981-10-06,10-06-81,1328,240,580,0,,
588,1981-10-19,10-19-81,1336,243,581,0,,
589,1981-12-03,12-03-81,1340,18,582,0,,
590,1981-12-27,12-27-81,1347,55,583,0,,
591,1982-04-02,04-02-82,1358,225,584,0,,
592,1982-04-14,04-14-82,1366,244,585,0,,
593,1982-04-17,04-17-82,1368,110,586,0,,
594,1982-05-22,05-22-82,1372,29,587,0,,
595,1982-05-23,05-23-82,1373,29,588,0,,
596,1982-07-17,07-17-82,1375,175,589,0,,
597,1982-07-28,07-28-82,1379,10,590,0,,
598,1982-07-31,07-31-82,1381,241,591,0,,
599,1982-08-06,08-06-82,1385,172,592,1,,
600,1982-09-15,09-15-82,1396,141,593,0,,
601,1982-09-17,09-17-82,1397,245,594,0,,
602,1982-10-09,10-09-82,1403,51,595,0,,
603,1983-03-26,03-26-83,1413,246,596,0,,
604,1983-04-12,04-12-83,1420,14,597,0,,
605,1983-04-17,04-17-83,1424,11,598,0,,
606,1983-04-19,04-19-83,1425,247,599,0,,
607,1983-04-22,04-22-83,1427,59,600,0,,
608,1983-04-23,04-23-83,1428,59,601,0,,
609,1983-05-13,05-13-83,1431,29,602,0,,
610,1983-05-14,05-14-83,1432,29,603,0,,
611,1983-06-21,06-21-83,1436,38,604,0,,
612,1983-06-25,06-25-83,1439,172,605,0,,
613,1983-06-27,06-27-83,1440,248,606,0,,
614,1983-08-31,08-31-83,1450,249,607,0,,
615,1983-09-04,09-04-83,1452,250,608,0,,
616,1983-09-08,09-08-83,1455,10,609,0,,
617,1983-09-10,09-10-83,1456,251,610,0,,
618,1983-10-08,10-08-83,1461,27,611,0,,
619,1983-10-14,10-14-83,1465,110,612,0,,
620,1983-12-30,12-30-83,1476,177,613,0,,
621,1984-04-26,04-26-84,1493,35,614,0,,
622,1984-05-08,05-08-84,1499,249,615,0,,
623,1984-06-24,06-24-84,1507,88,616,0,,
624,1984-07-14,07-14-84,1518,29,617,0,,
625,1984-07-22,07-22-84,1521,175,618,0,,
626,1984-10-08,10-08-84,1524,109,619,0,,
627,1984-10-09,10-09-84,1525,109,620,0,,
628,1984-10-11,10-11-84,1526,135,621,0,,
629,1984-12-31,12-31-84,1541,177,622,0,,
630,1985-03-25,03-25-85,1552,107,623,0,,
631,1985-03-28,03-28-85,1554,5,624,1,5,
632,1985-03-31,03-31-85,1556,245,625,0,,
633,1985-04-04,04-04-85,1559,35,626,0,,
634,1985-04-14,04-14-85,1564,252,627,1,,
635,1985-04-28,04-28-85,1566,51,628,0,,
636,1985-06-25,06-25-85,1573,253,629,0,,
637,1985-07-02,07-02-85,1578,254,630,1,,
638,1985-08-30,08-30-85,1582,255,631,0,,
639,1985-09-02,09-02-85,1584,256,632,0,,
640,1985-09-11,09-11-85,1590,138,633,0,,
641,1985-11-10,11-10-85,1604,11,634,0,,
642,1986-02-11,02-11-86,1615,138,635,0,,
643,1986-02-14,02-14-86,1617,138,636,0,,
644,1986-03-19,03-19-86,1618,6,637,0,,
645,1986-03-28,03-28-86,1625,245,638,0,,
646,1986-04-03,04-03-86,1629,110,639,0,,
647,1986-04-22,04-22-86,1636,120,640,0,,
648,1986-06-26,06-26-86,1644,257,641,0,,
649,1986-07-04,07-04-86,1649,92,642,0,,
650,1986-12-27,12-27-86,1655,138,643,0,,
651,1986-12-31,12-31-86,1658,138,644,0,,
652,1987-03-02,03-02-87,1663,138,645,0,,
653,1987-03-03,03-03-87,1664,138,646,0,,
654,1987-03-26,03-26-87,1668,110,647,0,,
655,1987-03-27,03-27-87,1669,110,648,0,,
656,1987-03-29,03-29-87,1670,36,649,0,,
657,1987-03-31,03-31-87,1672,36,650,0,,
658,1987-04-07,04-07-87,1677,11,651,0,,
659,1987-06-13,06-13-87,1689,175,652,0,,
660,1987-06-20,06-20-87,1692,29,653,0,,
661,1987-07-02,07-02-87,1698,139,654,0,,
662,1987-07-07,07-07-87,1701,222,655,0,,
663,1987-07-10,07-10-87,1703,258,656,0,,
664,1987-07-24,07-24-87,1706,70,657,0,,
665,1987-08-12,08-12-87,1709,10,658,0,,
666,1987-08-18,08-18-87,1713,259,659,0,,
667,1987-08-20,08-20-87,1714,250,660,0,,
668,1987-09-15,09-15-87,1723,8,661,0,,
669,1987-09-22,09-22-87,1728,36,662,0,,
670,1987-10-03,10-03-87,1732,43,663,1,,
671,1987-10-04,10-04-87,1733,43,664,1,,
672,1987-11-07,11-07-87,1735,138,665,1,,
673,1987-12-27,12-27-87,1740,24,666,0,,
674,1988-03-16,03-16-88,1748,138,667,0,,
675,1988-03-28,03-28-88,1754,6,668,0,,
676,1988-04-05,04-05-88,1760,110,669,0,,
677,1988-04-15,04-15-88,1767,145,670,0,,
678,1988-04-30,04-30-88,1771,51,671,0,,
679,1988-05-01,05-01-88,1772,51,672,0,,
680,1988-06-17,06-17-88,1773,260,673,0,,
681,1988-06-26,06-26-88,1779,254,674,0,,
682,1988-07-03,07-03-88,1783,90,675,0,,
683,1988-07-16,07-16-88,1785,29,676,0,,
684,1988-07-17,07-17-88,1786,29,677,0,,
685,1988-08-28,08-28-88,1791,52,678,0,,
686,1988-09-09,09-09-88,1797,36,679,0,,
687,1988-09-16,09-16-88,1802,8,680,0,,
688,1988-10-15,10-15-88,1813,261,681,0,,
689,1989-02-05,02-05-89,1824,138,682,0,,
690,1989-03-28,03-28-89,1831,95,683,0,,
691,1989-04-08,04-08-89,1838,262,684,0,,
692,1989-04-09,04-09-89,1839,23,685,0,,
693,1989-04-15,04-15-89,1843,263,686,0,,
694,1989-06-18,06-18-89,1852,43,687,1,,
695,1989-07-02,07-02-89,1855,264,688,0,,
696,1989-07-04,07-04-89,1856,92,689,0,,
697,1989-07-07,07-07-89,1857,258,690,0,,
698,1989-07-09,07-09-89,1858,56,691,0,,
699,1989-08-17,08-17-89,1869,29,692,0,,
700,1989-10-01,10-01-89,1874,43,693,0,,
701,1989-10-18,10-18-89,1882,36,694,0,,
702,1989-10-22,10-22-89,1885,25,695,0,,
703,1990-03-21,03-21-90,1905,75,696,0,,
704,1990-03-25,03-25-90,1908,30,697,0,,
705,1990-04-02,04-02-90,1914,95,698,0,,
706,1990-05-06,05-06-90,1917,143,699,0,,
707,1990-06-08,06-08-90,1918,65,700,0,,
708,1990-06-10,06-10-90,1920,65,701,0,,
709,1990-06-15,06-15-90,1921,43,702,0,,
710,1990-06-24,06-24-90,1925,52,703,0,,
711,1990-07-06,07-06-90,1927,265,704,0,,
712,1990-07-14,07-14-90,1931,266,705,0,,
713,1990-07-21,07-21-90,1935,181,706,0,,
714,1990-09-08,09-08-90,1939,182,707,0,,
715,1990-09-15,09-15-90,1944,8,708,0,,
716,1990-10-28,10-28-90,1956,93,709,0,,
717,1990-12-30,12-30-90,1969,24,710,0,,
718,1991-02-19,02-19-91,1971,24,711,0,,
719,1991-02-21,02-21-91,1973,24,712,0,,
720,1991-03-17,03-17-91,1974,141,713,0,,
721,1991-03-23,03-23-91,1978,30,714,0,,
722,1991-03-24,03-24-91,1979,30,715,1,,
723,1991-03-25,03-25-91,1980,30,716,0,,
724,1991-03-27,03-27-91,1981,5,717,0,,
725,1991-05-12,05-12-91,1999,43,718,0,,
726,1991-06-09,06-09-91,2003,144,719,0,,
727,1991-08-14,08-14-91,2017,65,720,0,,
728,1991-09-13,09-13-91,2028,8,721,0,,
729,1991-09-24,09-24-91,2036,12,722,0,,
730,1991-11-03,11-03-91,2043,184,723,0,,
731,1992-03-16,03-16-92,2061,36,724,0,,
732,1992-03-20,03-20-92,2064,75,725,0,,
733,1992-03-21,03-21-92,2065,75,726,0,,
734,1992-05-21,05-21-92,2070,65,727,0,,
735,1992-05-23,05-23-92,2071,43,728,0,,
736,1992-05-24,05-24-92,2072,43,729,0,,
737,1992-05-25,05-25-92,2073,43,730,0,,
738,1992-06-08,06-08-92,2078,182,731,0,,
739,1992-06-15,06-15-92,2083,56,732,0,,
740,1992-06-22,06-22-92,2087,267,733,0,,
741,1992-06-23,06-23-92,2088,267,734,0,,
742,1992-12-03,12-03-92,2095,112,735,0,,
743,1992-12-06,12-06-92,2097,259,736,0,,
744,1992-12-11,12-11-92,2098,24,737,0,,
745,1993-01-24,01-24-93,2103,24,738,0,,
746,1993-02-21,02-21-93,2106,24,739,0,,
747,1993-02-22,02-22-93,2107,24,740,0,,
748,1993-03-11,03-11-93,2111,145,741,0,,
749,1993-03-18,03-18-93,2115,141,742,0,,
750,1993-03-31,03-31-93,2124,5,743,0,,
751,1993-04-01,04-01-93,2125,5,744,0,,
752,1993-04-05,04-05-93,2128,5,745,0,,
753,1993-05-15,05-15-93,2130,39,746,0,,
754,1993-05-23,05-23-93,2134,43,747,0,,
755,1993-05-25,05-25-93,2135,65,748,0,,
756,1993-06-05,06-05-93,2138,56,749,0,,
757,1993-06-18,06-18-93,2146,40,750,0,,
758,1993-06-22,06-22-93,2149,66,751,0,,
759,1993-06-26,06-26-93,2152,16,752,0,,
760,1993-08-25,08-25-93,2155,43,753,0,,
761,1993-08-27,08-27-93,2157,43,754,0,,
762,1993-09-09,09-09-93,2159,182,755,0,,
763,1993-09-16,09-16-93,2164,8,756,0,,
764,1993-09-18,09-18-93,2166,8,757,0,,
765,1993-09-28,09-28-93,2173,12,758,0,,
766,1993-09-29,09-29-93,2174,12,759,0,,
767,1993-09-30,09-30-93,2175,12,760,0,,
768,1993-12-08,12-08-93,2176,96,761,0,,
769,1993-12-09,12-09-93,2177,96,762,0,,
770,1993-12-12,12-12-93,2179,217,763,0,,
771,1993-12-17,12-17-93,2181,24,764,1,,
772,1994-02-27,02-27-94,2186,24,765,0,,
773,1994-03-18,03-18-94,2192,145,766,0,,
774,1994-03-25,03-25-94,2197,5,767,0,,
775,1994-03-28,03-28-94,2199,5,768,0,,
776,1994-04-01,04-01-94,2202,95,769,0,,
777,1994-06-08,06-08-94,2207,65,770,0,,
778,1994-06-10,06-10-94,2209,65,771,0,,
779,1994-06-18,06-18-94,2213,52,772,0,,
780,1994-07-01,07-01-94,2218,43,773,0,,
781,1994-07-03,07-03-94,2220,43,774,0,,
782,1994-07-13,07-13-94,2221,268,775,0,,
783,1994-07-23,07-23-94,2227,40,776,0,,
784,1994-07-24,07-24-94,2228,40,777,0,,
785,1994-07-31,07-31-94,2232,146,778,0,,
786,1994-08-04,08-04-94,2235,56,779,0,,
787,1994-09-29,09-29-94,2241,12,780,0,,
788,1994-10-02,10-02-94,2243,12,781,0,,
789,1994-10-06,10-06-94,2246,36,782,0,,
790,1994-10-07,10-07-94,2247,36,783,0,,
791,1994-10-11,10-11-94,2250,269,784,0,,
792,1994-10-13,10-13-94,2251,8,785,0,,
793,1994-11-29,11-29-94,2257,112,786,0,,
794,1995-05-29,05-29-95,2296,270,787,0,,
795,1995-06-04,06-04-95,2299,43,788,0,,
796,1995-06-15,06-15-95,2300,268,789,1,,
797,1995-06-19,06-19-95,2302,56,790,0,,
798,1995-06-22,06-22-95,2304,30,791,0,,
799,1995-06-24,06-24-95,2305,16,792,0,,
800,1965-05-05,05-05-65,0,271,0,0,,
801,1965-05-27,05-27-65,0,271,0,0,,
802,1965-06-18,06-18-65,0,272,0,0,,
803,1965-12-04,12-04-65,0,273,0,0,,
804,1965-12-10,12-10-65,0,34,0,0,,
805,1965-12-11,12-11-65,0,274,0,0,,
806,1965-12-18,12-18-65,0,275,0,0,,
807,1966-01-07,01-07-66,0,37,0,0,,
808,1966-01-08,01-08-66,0,34,0,0,,
809,1966-01-13,01-13-66,0,37,0,0,,
810,1966-01-14,01-14-66,0,34,0,0,,
811,1966-01-15,01-15-66,0,37,0,0,,
812,1966-01-16,01-16-66,0,37,0,0,,
813,1966-01-22,01-22-66,0,276,0,0,,
814,1966-01-23,01-23-66,0,276,0,0,,
815,1966-01-28,01-28-66,0,37,0,0,,
816,1966-02-06,02-06-66,0,277,0,0,,
817,1966-02-12,02-12-66,0,278,0,0,,
818,1966-02-25,02-25-66,0,279,0,0,,
819,1966-03-03,03-03-66,0,280,0,0,,
820,1966-03-12,03-12-66,0,281,0,0,,
821,1966-03-19,03-19-66,0,282,0,0,,
822,1966-04-22,04-22-66,0,276,0,0,,
823,1966-04-23,04-23-66,0,276,0,0,,
824,1966-04-24,04-24-66,0,276,0,0,,
825,1966-05-07,05-07-66,0,283,0,0,,
826,1966-05-14,05-14-66,0,284,0,0,,
827,1966-05-19,05-19-66,0,98,0,0,,
828,1966-05-22,05-22-66,0,285,0,0,,
829,1966-05-25,05-25-66,0,286,0,0,,
830,1966-05-28,05-28-66,0,98,0,0,,
831,1966-05-29,05-29-66,0,287,0,0,,
832,1966-06-03,06-03-66,0,34,0,0,,
833,1966-06-04,06-04-66,0,34,0,0,,
834,1966-06-10,06-10-66,0,98,0,0,,
835,1966-06-11,06-11-66,0,98,0,0,,
836,1966-06-17,06-17-66,0,288,0,0,,
837,1966-06-18,06-18-66,0,288,0,0,,
838,1966-07-03,07-03-66,0,34,0,0,,
839,1966-07-08,07-08-66,0,289,0,0,,
840,1966-07-09,07-09-66,0,289,0,0,,
841,1966-07-14,07-14-66,0,34,0,0,,
842,1966-07-15,07-15-66,0,34,0,0,,
843,1966-07-29,07-29-66,0,290,0,1,,
844,1966-07-30,07-30-66,0,290,0,1,,
845,1966-07-31,07-31-66,0,290,0,0,,
846,1966-08-05,08-05-66,0,291,0,0,,
847,1966-08-06,08-06-66,0,291,0,0,,
848,1966-08-12,08-12-66,0,34,0,0,,
849,1966-08-13,08-13-66,0,34,0,0,,
850,1966-08-19,08-19-66,0,98,0,0,,
851,1966-08-20,08-20-66,0,98,0,0,,
852,1966-08-27,08-27-66,0,292,0,0,,
853,1966-08-28,08-28-66,0,292,0,0,,
854,1966-09-02,09-02-66,0,293,0,0,,
855,1966-09-04,09-04-66,0,34,0,0,,
856,1966-09-05,09-05-66,0,285,0,0,,
857,1966-09-11,09-11-66,0,34,0,0,,
858,1966-09-16,09-16-66,0,98,0,0,,
859,1966-09-17,09-17-66,0,98,0,0,,
860,1966-09-23,09-23-66,0,294,0,0,,
861,1966-09-24,09-24-66,0,294,0,0,,
862,1966-10-02,10-02-66,0,295,0,0,,
863,1966-10-06,10-06-66,0,296,0,0,,
864,1966-10-07,10-07-66,0,34,0,0,,
865,1966-10-09,10-09-66,0,34,0,0,,
866,1966-10-14,10-14-66,0,297,0,0,,
867,1966-10-15,10-15-66,0,298,0,0,,
868,1966-10-16,10-16-66,0,296,0,0,,
869,1966-10-21,10-21-66,0,34,0,0,,
870,1966-10-22,10-22-66,0,34,0,0,,
871,1966-10-23,10-23-66,0,299,0,0,,
872,1966-10-26,10-26-66,0,300,0,0,,
873,1966-10-31,10-31-66,0,287,0,0,,
874,1966-11-04,11-04-66,0,98,0,0,,
875,1966-11-05,11-05-66,0,98,0,0,,
876,1966-11-09,11-09-66,0,34,0,0,,
877,1966-11-12,11-12-66,0,301,0,0,,
878,1966-11-13,11-13-66,0,98,0,0,,
879,1966-11-18,11-18-66,0,34,0,0,,
880,1966-11-20,11-20-66,0,34,0,0,,
881,1966-11-27,11-27-66,0,34,0,0,,
882,1966-11-28,11-28-66,0,37,0,0,,
883,1966-11-30,11-30-66,0,37,0,0,,
884,1966-12-02,12-02-66,0,302,0,0,,
885,1966-12-09,12-09-66,0,34,0,0,,
886,1966-12-10,12-10-66,0,34,0,0,,
887,1966-12-11,12-11-66,0,34,0,0,,
888,1966-12-20,12-20-66,0,34,0,0,,
889,1966-12-21,12-21-66,0,303,0,0,,
890,1966-12-23,12-23-66,0,98,0,0,,
891,1966-12-24,12-24-66,0,98,0,0,,
892,1966-12-28,12-28-66,0,304,0,0,,
893,1966-12-29,12-29-66,0,289,0,0,,
894,1966-12-30,12-30-66,0,34,0,0,,
895,1966-12-31,12-31-66,0,34,0,0,,
896,1967-01-01,01-01-67,0,305,0,0,,
897,1967-01-06,01-06-67,0,199,0,0,,
898,1967-01-15,01-15-67,0,34,0,0,,
899,1967-01-20,01-20-67,0,306,0,0,,
900,1967-01-27,01-27-67,0,98,0,0,,
901,1967-01-28,01-28-67,0,98,0,0,,
902,1967-01-29,01-29-67,0,98,0,0,,
903,1967-02-10,02-10-67,0,289,0,0,,
904,1967-02-12,02-12-67,0,34,0,0,,
905,1967-02-24,02-24-67,0,34,0,0,,
906,1967-02-25,02-25-67,0,34,0,0,,
907,1967-02-26,02-26-67,0,34,0,0,,
908,1967-03-03,03-03-67,0,602,0,0,,
909,1967-03-10,03-10-67,0,307,0,0,,
910,1967-03-11,03-11-67,0,307,0,0,,
911,1967-03-12,03-12-67,0,307,0,0,,
912,1967-03-13,03-13-67,0,307,0,0,,
913,1967-03-14,03-14-67,0,307,0,0,,
914,1967-03-15,03-15-67,0,307,0,0,,
915,1967-03-16,03-16-67,0,307,0,0,,
916,1967-03-19,03-19-67,0,34,0,0,,
917,1967-03-20,03-20-67,0,308,0,0,,
918,1967-03-24,03-24-67,0,98,0,0,,
919,1967-03-25,03-25-67,0,98,0,0,,
920,1967-03-26,03-26-67,0,98,0,0,,
921,1967-03-28,03-28-67,0,309,0,0,,
922,1967-03-29,03-29-67,0,309,0,0,,
923,1967-03-30,03-30-67,0,309,0,0,,
924,1967-03-31,03-31-67,0,309,0,0,,
925,1967-04-01,04-01-67,0,309,0,0,,
926,1967-04-02,04-02-67,0,309,0,0,,
927,1967-04-12,04-12-67,0,34,0,0,,
928,1967-04-14,04-14-67,0,310,0,0,,
929,1967-04-15,04-15-67,0,310,0,0,,
930,1967-04-16,04-16-67,0,310,0,0,,
931,1967-04-17,04-17-67,0,311,0,0,,
932,1967-04-28,04-28-67,0,312,0,0,,
933,1967-04-29,04-29-67,0,313,0,0,,
934,1967-05-05,05-05-67,0,34,0,0,,
935,1967-05-06,05-06-67,0,34,0,0,,
936,1967-05-11,05-11-67,0,314,0,0,,
937,1967-05-18,05-18-67,0,315,0,0,,
938,1967-05-20,05-20-67,0,303,0,0,,
939,1967-05-29,05-29-67,0,316,0,0,,
940,1967-05-30,05-30-67,0,602,0,0,,
941,1967-06-01,06-01-67,0,317,0,0,,
942,1967-06-03,06-03-67,0,116,0,0,,
943,1967-06-06,06-06-67,0,318,0,0,,
944,1967-06-07,06-07-67,0,318,0,0,,
945,1967-06-09,06-09-67,0,318,0,0,,
946,1967-06-10,06-10-67,0,318,0,0,,
947,1967-06-11,06-11-67,0,318,0,0,,
948,1967-06-12,06-12-67,0,319,0,0,,
949,1967-06-15,06-15-67,0,185,0,0,,
950,1967-06-18,06-18-67,0,320,0,1,,
951,1967-06-21,06-21-67,0,184,0,0,,
952,1967-06-28,06-28-67,0,55,0,0,,
953,1967-07-13,07-13-67,0,321,0,0,,
954,1967-07-18,07-18-67,0,322,0,0,,
955,1967-07-21,07-21-67,0,303,0,0,,
956,1967-07-22,07-22-67,0,303,0,0,,
957,1967-07-23,07-23-67,0,185,0,0,,
958,1967-07-31,07-31-67,0,323,0,0,,
959,1967-08-01,08-01-67,0,323,0,0,,
960,1967-08-02,08-02-67,0,323,0,0,,
961,1967-08-03,08-03-67,0,323,0,0,,
962,1967-08-04,08-04-67,0,323,0,0,,
963,1967-08-05,08-05-67,0,323,0,0,,
964,1967-08-10,08-10-67,0,324,0,0,,
965,1967-08-11,08-11-67,0,325,0,0,,
966,1967-08-12,08-12-67,0,325,0,0,,
967,1967-08-13,08-13-67,0,326,0,0,,
968,1967-08-19,08-19-67,0,327,0,0,,
969,1967-08-25,08-25-67,0,328,0,0,,
970,1967-08-26,08-26-67,0,328,0,0,,
971,1967-08-28,08-28-67,0,84,0,0,,
972,1967-09-03,09-03-67,0,329,0,0,,
973,1967-09-04,09-04-67,0,329,0,0,,
974,1967-09-08,09-08-67,0,330,0,0,,
975,1967-09-15,09-15-67,0,331,0,0,,
976,1967-09-16,09-16-67,0,332,0,0,,
977,1967-09-22,09-22-67,0,333,0,0,,
978,1967-09-23,09-23-67,0,333,0,0,,
979,1967-09-30,09-30-67,0,185,0,0,,
980,1967-10-01,10-01-67,0,29,0,0,,
981,1967-10-14,10-14-67,0,303,0,0,,
982,1967-10-22,10-22-67,0,602,0,0,,
983,1967-11-12,11-12-67,0,602,0,0,,
984,1967-12-13,12-13-67,0,149,0,0,,
985,1967-12-22,12-22-67,0,334,0,0,,
986,1967-12-23,12-23-67,0,334,0,0,,
987,1967-12-24,12-24-67,0,334,0,0,,
988,1967-12-26,12-26-67,0,335,0,0,,
989,1967-12-27,12-27-67,0,335,0,0,,
990,1967-12-29,12-29-67,0,336,0,0,,
991,1967-12-30,12-30-67,0,336,0,0,,
992,1968-01-17,01-17-68,0,31,0,0,,
993,1968-01-26,01-26-68,0,186,0,0,,
994,1968-01-27,01-27-68,0,186,0,0,,
995,1968-01-29,01-29-68,0,337,0,0,,
996,1968-01-30,01-30-68,0,338,0,0,,
997,1968-02-04,02-04-68,0,339,0,0,,
998,1968-02-17,02-17-68,0,83,0,0,,
999,1968-02-22,02-22-68,0,328,0,0,,
1000,1968-02-23,02-23-68,0,328,0,0,,
1001,1968-02-24,02-24-68,0,328,0,0,,
1002,1968-03-01,03-01-68,0,340,0,0,,
1003,1968-03-02,03-02-68,0,340,0,0,,
1004,1968-03-07,03-07-68,0,341,0,0,,
1005,1968-03-11,03-11-68,0,342,0,0,,
1006,1968-03-15,03-15-68,0,31,0,0,,
1007,1968-03-17,03-17-68,0,31,0,0,,
1008,1968-03-20,03-20-68,0,98,0,0,,
1009,1968-03-22,03-22-68,0,343,0,0,,
1010,1968-03-23,03-23-68,0,343,0,0,,
1011,1968-03-26,03-26-68,0,344,0,0,,
1012,1968-03-29,03-29-68,0,31,0,0,,
1013,1968-03-30,03-30-68,0,31,0,0,,
1014,1968-03-31,03-31-68,0,31,0,0,,
1015,1968-04-03,04-03-68,0,602,0,0,,
1016,1968-04-19,04-19-68,0,345,0,0,,
1017,1968-04-20,04-20-68,0,345,0,0,,
1018,1968-04-21,04-21-68,0,345,0,0,,
1019,1968-04-26,04-26-68,0,346,0,0,,
1020,1968-04-27,04-27-68,0,346,0,0,,
1021,1968-04-28,04-28-68,0,346,0,0,,
1022,1968-05-03,05-03-68,0,347,0,0,,
1023,1968-05-04,05-04-68,0,116,0,0,,
1024,1968-05-05,05-05-68,0,191,0,0,,
1025,1968-05-11,05-11-68,0,348,0,0,,
1026,1968-05-17,05-17-68,0,149,0,0,,
1027,1968-05-24,05-24-68,0,349,0,0,,
1028,1968-05-25,05-25-68,0,349,0,0,,
1029,1968-05-30,05-30-68,0,31,0,0,,
1030,1968-05-31,05-31-68,0,31,0,0,,
1031,1968-06-01,06-01-68,0,31,0,0,,
1032,1968-06-07,06-07-68,0,31,0,0,,
1033,1968-06-08,06-08-68,0,31,0,0,,
1034,1968-06-09,06-09-68,0,31,0,0,,
1035,1968-06-19,06-19-68,0,31,0,0,,
1036,1968-07-11,07-11-68,0,149,0,0,,
1037,1968-07-12,07-12-68,0,328,0,0,,
1038,1968-07-13,07-13-68,0,328,0,0,,
1039,1968-08-02,08-02-68,0,350,0,0,,
1040,1968-08-03,08-03-68,0,350,0,0,,
1041,1968-08-04,08-04-68,0,351,0,0,,
1042,1968-08-20,08-20-68,0,7,0,0,,
1043,1968-08-22,08-22-68,0,7,0,0,,
1044,1968-08-23,08-23-68,0,149,0,0,,
1045,1968-08-28,08-28-68,0,98,0,0,,
1046,1968-08-30,08-30-68,0,7,0,0,,
1047,1968-08-31,08-31-68,0,7,0,0,,
1048,1968-09-20,09-20-68,0,120,0,0,,
1049,1968-09-22,09-22-68,0,352,0,0,,
1050,1968-10-05,10-05-68,0,342,0,0,,
1051,1968-10-10,10-10-68,0,37,0,0,,
1052,1968-10-11,10-11-68,0,98,0,0,,
1053,1968-10-12,10-12-68,0,98,0,0,,
1054,1968-10-13,10-13-68,0,98,0,0,,
1055,1968-10-18,10-18-68,0,353,0,0,,
1056,1968-10-20,10-20-68,0,29,0,0,,
1057,1968-10-29,10-29-68,0,37,0,0,,
1058,1968-10-31,10-31-68,0,37,0,0,,
1059,1968-11-01,11-01-68,0,354,0,0,,
1060,1968-11-04,11-04-68,0,276,0,0,,
1061,1968-11-07,11-07-68,0,7,0,0,,
1062,1968-11-08,11-08-68,0,7,0,0,,
1063,1968-11-09,11-09-68,0,7,0,0,,
1064,1968-11-10,11-10-68,0,7,0,0,,
1065,1968-11-17,11-17-68,0,186,0,0,,
1066,1968-11-22,11-22-68,0,355,0,0,,
1067,1968-11-23,11-23-68,0,356,0,0,,
1068,1968-11-24,11-24-68,0,357,0,0,,
1069,1968-11-27,11-27-68,0,358,0,0,,
1070,1968-11-28,11-28-68,0,358,0,0,,
1071,1968-12-01,12-01-68,0,325,0,0,,
1072,1968-12-06,12-06-68,0,36,0,0,,
1073,1968-12-07,12-07-68,0,359,0,1,,
1074,1968-12-13,12-13-68,0,353,0,0,,
1075,1968-12-14,12-14-68,0,353,0,0,,
1076,1968-12-20,12-20-68,0,149,0,0,,
1077,1968-12-21,12-21-68,0,149,0,0,,
1078,1968-12-28,12-28-68,0,360,0,0,,
1079,1968-12-29,12-29-68,0,361,0,0,,
1080,1968-12-31,12-31-68,0,602,0,0,,
1081,1969-01-02,01-02-69,0,7,0,0,,
1082,1969-01-03,01-03-69,0,7,0,0,,
1083,1969-01-04,01-04-69,0,7,0,0,,
1084,1969-01-05,01-05-69,0,7,0,0,,
1085,1969-01-17,01-17-69,0,362,0,0,,
1086,1969-01-24,01-24-69,0,98,0,0,,
1087,1969-01-25,01-25-69,0,98,0,0,,
1088,1969-01-26,01-26-69,0,98,0,0,,
1089,1969-01-31,01-31-69,0,358,0,0,,
1090,1969-02-01,02-01-69,0,358,0,0,,
1091,1969-02-02,02-02-69,0,114,0,0,,
1092,1969-02-05,02-05-69,0,363,0,0,,
1093,1969-02-06,02-06-69,0,364,0,0,,
1094,1969-02-14,02-14-69,0,346,0,0,,
1095,1969-02-15,02-15-69,0,346,0,0,,
1096,1969-02-19,02-19-69,0,7,0,0,,
1097,1969-02-26,02-26-69,0,37,0,0,,
1098,1969-03-12,03-12-69,0,7,0,0,,
1099,1969-03-15,03-15-69,0,365,0,0,,
1100,1969-03-21,03-21-69,0,366,0,0,,
1101,1969-03-22,03-22-69,0,366,0,0,,
1102,1969-03-27,03-27-69,0,367,0,0,,
1103,1969-03-28,03-28-69,0,368,0,0,,
1104,1969-04-04,04-04-69,0,98,0,0,,
1105,1969-04-11,04-11-69,0,369,0,0,,
1106,1969-04-12,04-12-69,0,370,0,0,,
1107,1969-04-13,04-13-69,0,371,0,0,,
1108,1969-04-15,04-15-69,0,363,0,0,,
1109,1969-04-17,04-17-69,0,372,0,0,,
1110,1969-04-18,04-18-69,0,373,0,0,,
1111,1969-04-20,04-20-69,0,374,0,0,,
1112,1969-04-23,04-23-69,0,54,0,0,,
1113,1969-04-25,04-25-69,0,375,0,0,,
1114,1969-04-26,04-26-69,0,375,0,0,,
1115,1969-05-02,05-02-69,0,602,0,0,,
1116,1969-05-07,05-07-69,0,184,0,0,,
1117,1969-05-08,05-08-69,0,376,0,0,,
1118,1969-05-09,05-09-69,0,377,0,0,,
1119,1969-05-10,05-10-69,0,366,0,0,,
1120,1969-05-11,05-11-69,0,378,0,0,,
1121,1969-05-16,05-16-69,0,379,0,0,,
1122,1969-05-28,05-28-69,0,602,0,0,,
1123,1969-05-29,05-29-69,0,380,0,0,,
1124,1969-05-30,05-30-69,0,381,0,0,,
1125,1969-05-31,05-31-69,0,73,0,0,,
1126,1969-06-05,06-05-69,0,7,0,0,,
1127,1969-06-06,06-06-69,0,7,0,0,,
1128,1969-06-08,06-08-69,0,7,0,0,,
1129,1969-06-11,06-11-69,0,287,0,0,,
1130,1969-06-27,06-27-69,0,382,0,0,,
1131,1969-06-28,06-28-69,0,382,0,0,,
1132,1969-06-29,06-29-69,0,383,0,0,,
1133,1969-07-03,07-03-69,0,384,0,0,,
1134,1969-07-04,07-04-69,0,375,0,0,,
1135,1969-07-05,07-05-69,0,375,0,1,,
1136,1969-07-07,07-07-69,0,385,0,0,,
1137,1969-07-16,07-16-69,0,276,0,0,,
1138,1969-08-02,08-02-69,0,386,0,0,,
1139,1969-08-03,08-03-69,0,386,0,0,,
1140,1969-08-16,08-16-69,0,387,0,1,,
1141,1969-08-21,08-21-69,0,388,0,0,,
1142,1969-08-23,08-23-69,0,389,0,0,,
1143,1969-08-24,08-24-69,0,390,0,0,,
1144,1969-08-28,08-28-69,0,386,0,0,,
1145,1969-08-29,08-29-69,0,386,0,0,,
1146,1969-08-30,08-30-69,0,386,0,0,,
1147,1969-09-01,09-01-69,0,391,0,0,,
1148,1969-09-06,09-06-69,0,386,0,0,,
1149,1969-09-07,09-07-69,0,386,0,0,,
1150,1969-10-02,10-02-69,0,151,0,0,,
1151,1969-10-03,10-03-69,0,151,0,0,,
1152,1969-10-04,10-04-69,0,151,0,0,,
1153,1969-10-06,10-06-69,0,386,0,0,,
1154,1969-10-17,10-17-69,0,392,0,0,,
1155,1969-10-24,10-24-69,0,602,0,0,,
1156,1969-10-25,10-25-69,0,602,0,0,,
1157,1969-10-26,10-26-69,0,602,0,0,,
1158,1969-10-31,10-31-69,0,393,0,0,,
1159,1969-11-01,11-01-69,0,386,0,0,,
1160,1969-11-02,11-02-69,0,386,0,0,,
1161,1969-11-15,11-15-69,0,394,0,1,,
1162,1969-11-21,11-21-69,0,395,0,0,,
1163,1969-12-04,12-04-69,0,7,0,0,,
1164,1969-12-07,12-07-69,0,7,0,0,,
1165,1969-12-13,12-13-69,0,19,0,0,,
1166,1969-12-19,12-19-69,0,34,0,0,,
1167,1969-12-20,12-20-69,0,34,0,0,,
1168,1969-12-21,12-21-69,0,34,0,0,,
1169,1969-12-26,12-26-69,0,396,0,0,,
1170,1969-12-28,12-28-69,0,397,0,0,,
1171,1969-12-29,12-29-69,0,151,0,0,,
1172,1969-12-31,12-31-69,0,151,0,0,,
1173,1970-01-16,01-16-70,0,381,0,0,,
1174,1970-01-17,01-17-70,0,398,0,0,,
1175,1970-01-18,01-18-70,0,381,0,0,,
1176,1970-01-22,01-22-70,0,399,0,0,,
1177,1970-01-23,01-23-70,0,399,0,0,,
1178,1970-01-24,01-24-70,0,399,0,0,,
1179,1970-01-30,01-30-70,0,152,0,0,,
1180,1970-02-04,02-04-70,0,386,0,0,,
1181,1970-02-05,02-05-70,0,7,0,0,,
1182,1970-02-06,02-06-70,0,7,0,0,,
1183,1970-02-07,02-07-70,0,7,0,0,,
1184,1970-02-08,02-08-70,0,7,0,0,,
1185,1970-02-12,02-12-70,0,400,0,0,,
1186,1970-02-20,02-20-70,0,401,0,0,,
1187,1970-02-21,02-21-70,0,402,0,0,,
1188,1970-02-22,02-22-70,0,403,0,0,,
1189,1970-02-23,02-23-70,0,404,0,0,,
1190,1970-02-27,02-27-70,0,386,0,1,,
1191,1970-02-28,02-28-70,0,386,0,0,,
1192,1970-03-01,03-01-70,0,386,0,0,,
1193,1970-03-07,03-07-70,0,405,0,0,,
1194,1970-03-08,03-08-70,0,306,0,0,,
1195,1970-03-17,03-17-70,0,406,0,0,,
1196,1970-03-24,03-24-70,0,407,0,0,,
1197,1970-04-09,04-09-70,0,7,0,0,,
1198,1970-04-10,04-10-70,0,7,0,0,,
1199,1970-04-11,04-11-70,0,7,0,0,,
1200,1970-04-12,04-12-70,0,7,0,0,,
1201,1970-04-15,04-15-70,0,602,0,0,,
1202,1970-04-17,04-17-70,0,386,0,0,,
1203,1970-04-18,04-18-70,0,386,0,0,,
1204,1970-04-19,04-19-70,0,386,0,0,,
1205,1970-04-25,04-25-70,0,195,0,0,,
1206,1970-04-26,04-26-70,0,408,0,0,,
1207,1970-05-01,05-01-70,0,409,0,0,,
1208,1970-05-03,05-03-70,0,410,0,0,,
1209,1970-05-08,05-08-70,0,411,0,0,,
1210,1970-05-09,05-09-70,0,412,0,0,,
1211,1970-05-10,05-10-70,0,413,0,0,,
1212,1970-05-16,05-16-70,0,414,0,0,,
1213,1970-05-17,05-17-70,0,415,0,0,,
1214,1970-05-24,05-24-70,0,416,0,0,,
1215,1970-05-25,05-25-70,0,26,0,0,,
1216,1970-06-04,06-04-70,0,7,0,0,,
1217,1970-06-05,06-05-70,0,7,0,0,,
1218,1970-06-06,06-06-70,0,7,0,0,,
1219,1970-06-07,06-07-70,0,7,0,0,,
1220,1970-06-12,06-12-70,0,399,0,0,,
1221,1970-06-13,06-13-70,0,399,0,0,,
1222,1970-06-19,06-19-70,0,417,0,0,,
1223,1970-06-21,06-21-70,0,302,0,0,,
1224,1970-06-28,06-28-70,0,418,0,0,,
1225,1970-07-01,07-01-70,0,419,0,0,,
1226,1970-07-03,07-03-70,0,420,0,0,,
1227,1970-07-08,07-08-70,0,421,0,0,,
1228,1970-07-09,07-09-70,0,3,0,0,,
1229,1970-07-10,07-10-70,0,3,0,0,,
1230,1970-07-11,07-11-70,0,3,0,0,,
1231,1970-07-12,07-12-70,0,3,0,0,,
1232,1970-07-14,07-14-70,0,422,0,0,,
1233,1970-07-16,07-16-70,0,422,0,0,,
1234,1970-07-30,07-30-70,0,37,0,0,,
1235,1970-08-17,08-17-70,0,7,0,0,,
1236,1970-08-19,08-19-70,0,7,0,0,,
1237,1970-08-28,08-28-70,0,423,0,0,,
1238,1970-08-29,08-29-70,0,423,0,0,,
1239,1970-08-30,08-30-70,0,424,0,0,,
1240,1970-09-25,09-25-70,0,425,0,0,,
1241,1970-09-26,09-26-70,0,426,0,0,,
1242,1970-10-04,10-04-70,0,602,0,0,,
1243,1970-10-05,10-05-70,0,602,0,0,,
1244,1970-10-10,10-10-70,0,427,0,0,,
1245,1970-10-11,10-11-70,0,428,0,0,,
1246,1970-10-16,10-16-70,0,429,0,0,,
1247,1970-10-17,10-17-70,0,430,0,0,,
1248,1970-10-23,10-23-70,0,431,0,0,,
1249,1970-10-24,10-24-70,0,432,0,0,,
1250,1970-11-05,11-05-70,0,15,0,0,,
1251,1970-11-09,11-09-70,0,433,0,0,,
1252,1970-11-10,11-10-70,0,433,0,0,,
1253,1970-11-11,11-11-70,0,434,0,0,,
1254,1970-11-12,11-12-70,0,434,0,0,,
1255,1970-11-13,11-13-70,0,434,0,0,,
1256,1970-11-14,11-14-70,0,434,0,0,,
1257,1970-11-16,11-16-70,0,3,0,0,,
1258,1970-11-20,11-20-70,0,435,0,0,,
1259,1970-11-22,11-22-70,0,436,0,0,,
1260,1970-11-23,11-23-70,0,437,0,0,,
1261,1970-11-27,11-27-70,0,438,0,0,,
1262,1970-11-29,11-29-70,0,439,0,0,,
1263,1970-12-12,12-12-70,0,440,0,0,,
1264,1970-12-22,12-22-70,0,342,0,0,,
1265,1970-12-23,12-23-70,0,602,0,0,,
1266,1970-12-26,12-26-70,0,441,0,0,,
1267,1970-12-28,12-28-70,0,441,0,0,,
1268,1970-12-31,12-31-70,0,602,0,0,,
1269,1971-01-22,01-22-71,0,442,0,0,,
1270,1971-01-25,01-25-71,0,443,0,0,,
1271,1971-02-21,02-21-71,0,15,0,0,,
1272,1971-02-23,02-23-71,0,15,0,0,,
1273,1971-03-03,03-03-71,0,7,0,0,,
1274,1971-03-05,03-05-71,0,55,0,0,,
1275,1971-03-13,03-13-71,0,444,0,0,,
1276,1971-03-14,03-14-71,0,445,0,0,,
1277,1971-03-17,03-17-71,0,100,0,0,,
1278,1971-03-18,03-18-71,0,100,0,0,,
1279,1971-03-19,03-19-71,0,438,0,0,,
1280,1971-03-20,03-20-71,0,87,0,0,,
1281,1971-03-21,03-21-71,0,446,0,0,,
1282,1971-03-24,03-24-71,0,602,0,0,,
1283,1971-04-04,04-04-71,0,155,0,0,,
1284,1971-04-07,04-07-71,0,47,0,0,,
1285,1971-04-10,04-10-71,0,447,0,0,,
1286,1971-04-12,04-12-71,0,448,0,0,,
1287,1971-04-13,04-13-71,0,449,0,0,,
1288,1971-04-14,04-14-71,0,450,0,0,,
1289,1971-04-15,04-15-71,0,451,0,0,,
1290,1971-04-21,04-21-71,0,452,0,1,,
1291,1971-04-25,04-25-71,0,3,0,0,,
1292,1971-05-29,05-29-71,0,602,0,0,,
1293,1971-05-30,05-30-71,0,602,0,0,,
1294,1971-06-21,06-21-71,0,453,0,0,,
1295,1971-08-04,08-04-71,0,454,0,0,,
1296,1971-08-05,08-05-71,0,117,0,0,,
1297,1971-08-07,08-07-71,0,194,0,0,,
1298,1971-08-14,08-14-71,0,120,0,0,,
1299,1971-08-15,08-15-71,0,120,0,0,,
1300,1971-08-23,08-23-71,0,123,0,0,,
1301,1971-08-24,08-24-71,0,123,0,0,,
1302,1971-10-21,10-21-71,0,123,0,0,,
1303,1971-10-22,10-22-71,0,123,0,0,,
1304,1971-10-23,10-23-71,0,455,0,0,,
1305,1971-10-24,10-24-71,0,455,0,0,,
1306,1971-10-26,10-26-71,0,435,0,0,,
1307,1971-10-27,10-27-71,0,226,0,0,,
1308,1971-10-29,10-29-71,0,456,0,0,,
1309,1971-11-06,11-06-71,0,33,0,0,,
1310,1971-11-11,11-11-71,0,457,0,0,,
1311,1971-11-12,11-12-71,0,458,0,0,,
1312,1971-11-14,11-14-71,0,459,0,0,,
1313,1971-11-15,11-15-71,0,460,0,0,,
1314,1971-11-17,11-17-71,0,461,0,0,,
1315,1971-12-04,12-04-71,0,118,0,0,,
1316,1971-12-06,12-06-71,0,118,0,0,,
1317,1971-12-07,12-07-71,0,118,0,0,,
1318,1971-12-09,12-09-71,0,100,0,0,,
1319,1972-03-05,03-05-72,0,602,0,0,,
1320,1972-03-21,03-21-72,0,159,0,0,,
1321,1972-03-22,03-22-72,0,159,0,0,,
1322,1972-03-26,03-26-72,0,159,0,0,,
1323,1972-03-27,03-27-72,0,159,0,0,,
1324,1972-04-07,04-07-72,0,204,0,0,,
1325,1972-04-11,04-11-72,0,462,0,0,,
1326,1972-04-16,04-16-72,0,463,0,0,,
1327,1972-04-21,04-21-72,0,464,0,0,,
1328,1972-05-07,05-07-72,0,465,0,0,,
1329,1972-05-13,05-13-72,0,466,0,0,,
1330,1972-05-16,05-16-72,0,467,0,0,,
1331,1972-05-24,05-24-72,0,26,0,0,,
1332,1972-06-17,06-17-72,0,331,0,0,,
1333,1972-07-16,07-16-72,0,468,0,0,,
1334,1972-07-21,07-21-72,0,469,0,0,,
1335,1972-07-22,07-22-72,0,469,0,0,,
1336,1972-07-25,07-25-72,0,42,0,0,,
1337,1972-08-12,08-12-72,0,342,0,0,,
1338,1972-08-20,08-20-72,0,470,0,0,,
1339,1972-08-25,08-25-72,0,120,0,0,,
1340,1972-09-03,09-03-72,0,237,0,0,,
1341,1972-09-09,09-09-72,0,117,0,0,,
1342,1972-09-15,09-15-72,0,47,0,0,,
1343,1972-09-16,09-16-72,0,47,0,0,,
1344,1972-09-19,09-19-72,0,69,0,0,,
1345,1972-09-26,09-26-72,0,211,0,0,,
1346,1972-09-27,09-27-72,0,211,0,0,,
1347,1972-09-30,09-30-72,0,471,0,0,,
1348,1972-10-02,10-02-72,0,107,0,0,,
1349,1972-10-09,10-09-72,0,602,0,0,,
1350,1972-10-17,10-17-72,0,100,0,0,,
1351,1972-10-19,10-19-72,0,100,0,0,,
1352,1972-10-21,10-21-72,0,472,0,0,,
1353,1972-10-23,10-23-72,0,473,0,0,,
1354,1972-10-24,10-24-72,0,473,0,0,,
1355,1972-10-26,10-26-72,0,474,0,0,,
1356,1972-10-27,10-27-72,0,475,0,0,,
1357,1972-10-30,10-30-72,0,476,0,0,,
1358,1972-11-12,11-12-72,0,477,0,0,,
1359,1972-11-13,11-13-72,0,477,0,0,,
1360,1972-11-15,11-15-72,0,212,0,0,,
1361,1972-11-17,11-17-72,0,478,0,0,,
1362,1972-11-18,11-18-72,0,102,0,1,,
1363,1972-11-22,11-22-72,0,460,0,0,,
1364,1972-11-24,11-24-72,0,479,0,0,,
1365,1972-11-26,11-26-72,0,458,0,0,,
1366,1972-12-10,12-10-72,0,602,0,0,,
1367,1972-12-11,12-11-72,0,602,0,0,,
1368,1972-12-12,12-12-72,0,602,0,0,,
1369,1973-02-21,02-21-73,0,480,0,0,,
1370,1973-02-22,02-22-73,0,480,0,0,,
1371,1973-02-24,02-24-73,0,87,0,0,,
1372,1973-02-28,02-28-73,0,481,0,0,,
1373,1973-03-15,03-15-73,0,5,0,0,,
1374,1973-03-16,03-16-73,0,5,0,0,,
1375,1973-03-19,03-19-73,0,5,0,0,,
1376,1973-03-22,03-22-73,0,215,0,0,,
1377,1973-03-26,03-26-73,0,174,0,0,,
1378,1973-03-30,03-30-73,0,126,0,0,,
1379,1973-03-31,03-31-73,0,9,0,0,,
1380,1973-04-02,04-02-73,0,12,0,0,,
1381,1973-05-20,05-20-73,0,164,0,0,,
1382,1973-06-09,06-09-73,0,16,0,1,,
1383,1973-06-24,06-24-73,0,22,0,0,,
1384,1973-06-26,06-26-73,0,443,0,0,,
1385,1973-06-29,06-29-73,0,482,0,0,,
1386,1973-06-30,06-30-73,0,482,0,0,,
1387,1973-07-01,07-01-73,0,482,0,0,,
1388,1973-07-31,07-31-73,0,69,0,0,,
1389,1973-08-01,08-01-73,0,69,0,0,,
1390,1973-09-07,09-07-73,0,5,0,0,,
1391,1973-09-08,09-08-73,0,5,0,0,,
1392,1973-09-12,09-12-73,0,104,0,0,,
1393,1973-09-17,09-17-73,0,226,0,0,,
1394,1973-09-18,09-18-73,0,226,0,0,,
1395,1973-09-20,09-20-73,0,36,0,0,,
1396,1973-09-24,09-24-73,0,254,0,0,,
1397,1973-09-26,09-26-73,0,9,0,0,,
1398,1973-10-21,10-21-73,0,483,0,0,,
1399,1973-10-23,10-23-73,0,260,0,0,,
1400,1973-10-27,10-27-73,0,484,0,0,,
1401,1973-10-29,10-29-73,0,364,0,0,,
1402,1973-10-30,10-30-73,0,364,0,0,,
1403,1973-11-01,11-01-73,0,485,0,0,,
1404,1973-11-09,11-09-73,0,602,0,0,,
1405,1973-11-21,11-21-73,0,218,0,0,,
1406,1973-11-23,11-23-73,0,486,0,0,,
1407,1973-12-04,12-04-73,0,487,0,0,,
1408,1973-12-08,12-08-73,0,225,0,0,,
1409,1973-12-10,12-10-73,0,25,0,0,,
1410,1974-02-22,02-22-74,0,602,0,0,,
1411,1974-05-12,05-12-74,0,488,0,0,,
1412,1974-06-20,06-20-74,0,95,0,0,,
1413,1974-06-22,06-22-74,0,68,0,0,,
1414,1974-06-30,06-30-74,0,107,0,0,,
1415,1974-07-21,07-21-74,0,331,0,0,,
1416,1974-07-25,07-25-74,0,214,0,0,,
1417,1974-07-29,07-29-74,0,141,0,0,,
1418,1974-07-31,07-31-74,0,468,0,0,,
1419,1974-08-04,08-04-74,0,489,0,0,,
1420,1974-08-05,08-05-74,0,489,0,0,,
1421,1974-09-09,09-09-74,0,223,0,0,,
1422,1974-09-10,09-10-74,0,223,0,0,,
1423,1974-09-14,09-14-74,0,490,0,0,,
1424,1974-09-20,09-20-74,0,491,0,0,,
1425,1974-09-21,09-21-74,0,491,0,0,,
1426,1974-10-17,10-17-74,0,602,0,0,,
1427,1976-06-04,06-04-76,0,42,0,0,,
1428,1976-06-17,06-17-76,0,60,0,0,,
1429,1976-06-18,06-18-76,0,60,0,0,,
1430,1976-06-21,06-21-76,0,165,0,0,,
1431,1976-06-22,06-22-76,0,165,0,0,,
1432,1976-06-24,06-24-76,0,165,0,0,,
1433,1976-06-27,06-27-76,0,123,0,0,,
1434,1976-06-28,06-28-76,0,123,0,0,,
1435,1976-07-12,07-12-76,0,41,0,0,,
1436,1976-07-13,07-13-76,0,41,0,0,,
1437,1976-07-14,07-14-76,0,41,0,0,,
1438,1976-07-16,07-16-76,0,41,0,0,,
1439,1976-07-17,07-17-76,0,41,0,0,,
1440,1976-09-24,09-24-76,0,104,0,0,,
1441,1976-09-27,09-27-76,0,126,0,0,,
1442,1976-10-01,10-01-76,0,492,0,0,,
1443,1976-10-02,10-02-76,0,493,0,0,,
1444,1976-10-14,10-14-76,0,231,0,0,,
1445,1976-10-15,10-15-76,0,231,0,0,,
1446,1977-02-27,02-27-77,0,380,0,0,,
1447,1977-03-19,03-19-77,0,602,0,0,,
1448,1977-04-22,04-22-77,0,36,0,0,,
1449,1977-04-25,04-25-77,0,60,0,0,,
1450,1977-04-30,04-30-77,0,124,0,0,,
1451,1977-05-01,05-01-77,0,124,0,0,,
1452,1977-05-03,05-03-77,0,124,0,0,,
1453,1977-05-11,05-11-77,0,172,0,0,,
1454,1977-05-12,05-12-77,0,123,0,1,,
1455,1977-05-18,05-18-77,0,48,0,0,,
1456,1977-05-25,05-25-77,0,494,0,0,,
1457,1977-05-26,05-26-77,0,174,0,0,,
1458,1977-06-04,06-04-77,0,495,0,0,,
1459,1977-09-28,09-28-77,0,469,0,0,,
1460,1977-09-29,09-29-77,0,469,0,0,,
1461,1977-10-06,10-06-77,0,496,0,0,,
1462,1977-10-07,10-07-77,0,497,0,0,,
1463,1977-10-09,10-09-77,0,112,0,0,,
1464,1977-10-11,10-11-77,0,498,0,0,,
1465,1977-10-12,10-12-77,0,241,0,0,,
1466,1977-10-16,10-16-77,0,499,0,0,,
1467,1977-10-28,10-28-77,0,477,0,0,,
1468,1977-12-27,12-27-77,0,602,0,0,,
1469,1977-12-30,12-30-77,0,602,0,0,,
1470,1977-12-31,12-31-77,0,602,0,0,,
1471,1978-01-06,01-06-78,0,19,0,0,,
1472,1978-01-07,01-07-78,0,194,0,1,,
1473,1978-01-10,01-10-78,0,231,0,0,,
1474,1978-01-13,01-13-78,0,500,0,0,,
1475,1978-01-14,01-14-78,0,501,0,1,,
1476,1978-01-15,01-15-78,0,83,0,0,,
1477,1978-01-17,01-17-78,0,342,0,0,,
1478,1978-01-18,01-18-78,0,502,0,0,,
1479,1978-01-30,01-30-78,0,171,0,0,,
1480,1978-02-01,02-01-78,0,171,0,0,,
1481,1978-02-03,02-03-78,0,18,0,0,,
1482,1978-02-04,02-04-78,0,503,0,0,,
1483,1978-04-06,04-06-78,0,82,0,0,,
1484,1978-04-07,04-07-78,0,85,0,0,,
1485,1978-04-10,04-10-78,0,48,0,0,,
1486,1978-04-12,04-12-78,0,225,0,0,,
1487,1978-04-18,04-18-78,0,254,0,0,,
1488,1978-04-19,04-19-78,0,504,0,0,,
1489,1978-04-21,04-21-78,0,505,0,0,,
1490,1978-04-22,04-22-78,0,506,0,0,,
1491,1978-05-05,05-05-78,0,507,0,0,,
1492,1978-05-06,05-06-78,0,133,0,0,,
1493,1978-05-09,05-09-78,0,226,0,0,,
1494,1978-05-10,05-10-78,0,59,0,0,,
1495,1978-05-11,05-11-78,0,107,0,0,,
1496,1978-05-13,05-13-78,0,36,0,0,,
1497,1978-05-14,05-14-78,0,35,0,0,,
1498,1978-06-25,06-25-78,0,52,0,0,,
1499,1978-07-01,07-01-78,0,508,0,0,,
1500,1978-07-05,07-05-78,0,483,0,0,,
1501,1978-08-30,08-30-78,0,10,0,0,,
1502,1978-08-31,08-31-78,0,10,0,0,,
1503,1978-09-02,09-02-78,0,56,0,0,,
1504,1978-09-14,09-14-78,0,130,0,0,,
1505,1978-09-15,09-15-78,0,130,0,0,,
1506,1978-11-13,11-13-78,0,47,0,0,,
1507,1978-11-14,11-14-78,0,47,0,0,,
1508,1978-11-16,11-16-78,0,171,0,0,,
1509,1978-11-20,11-20-78,0,430,0,0,,
1510,1978-11-21,11-21-78,0,126,0,0,,
1511,1978-11-23,11-23-78,0,141,0,0,,
1512,1978-12-12,12-12-78,0,68,0,0,,
1513,1978-12-13,12-13-78,0,82,0,0,,
1514,1978-12-15,12-15-78,0,509,0,0,,
1515,1978-12-16,12-16-78,0,506,0,0,,
1516,1978-12-17,12-17-78,0,48,0,0,,
1517,1978-12-19,12-19-78,0,510,0,0,,
1518,1978-12-21,12-21-78,0,511,0,0,,
1519,1978-12-22,12-22-78,0,512,0,0,,
1520,1978-12-27,12-27-78,0,194,0,0,,
1521,1978-12-28,12-28-78,0,194,0,0,,
1522,1979-01-05,01-05-79,0,36,0,0,,
1523,1979-01-07,01-07-79,0,8,0,0,,
1524,1979-01-10,01-10-79,0,5,0,0,,
1525,1979-01-11,01-11-79,0,5,0,0,,
1526,1979-01-12,01-12-79,0,36,0,0,,
1527,1979-01-14,01-14-79,0,215,0,0,,
1528,1979-01-18,01-18-79,0,35,0,0,,
1529,1979-01-21,01-21-79,0,513,0,0,,
1530,1979-02-03,02-03-79,0,492,0,0,,
1531,1979-02-04,02-04-79,0,18,0,0,,
1532,1979-02-06,02-06-79,0,514,0,0,,
1533,1979-02-07,02-07-79,0,515,0,0,,
1534,1979-02-09,02-09-79,0,477,0,0,,
1535,1979-02-10,02-10-79,0,477,0,0,,
1536,1979-02-11,02-11-79,0,364,0,0,,
1537,1979-04-22,04-22-79,0,516,0,0,,
1538,1979-05-03,05-03-79,0,25,0,0,,
1539,1979-05-04,05-04-79,0,6,0,0,,
1540,1979-05-05,05-05-79,0,174,0,0,,
1541,1979-05-07,05-07-79,0,517,0,0,,
1542,1979-05-12,05-12-79,0,518,0,0,,
1543,1979-05-13,05-13-79,0,245,0,0,,
1544,1979-06-28,06-28-79,0,342,0,0,,
1545,1979-06-30,06-30-79,0,519,0,0,,
1546,1979-07-01,07-01-79,0,113,0,0,,
1547,1979-08-04,08-04-79,0,55,0,0,,
1548,1979-08-12,08-12-79,0,10,0,0,,
1549,1979-08-13,08-13-79,0,112,0,1,,
1550,1979-08-14,08-14-79,0,112,0,0,,
1551,1979-08-31,08-31-79,0,244,0,0,,
1552,1979-09-01,09-01-79,0,520,0,0,,
1553,1979-09-02,09-02-79,0,135,0,0,,
1554,1979-09-04,09-04-79,0,8,0,0,,
1555,1979-09-05,09-05-79,0,8,0,0,,
1556,1979-09-06,09-06-79,0,8,0,0,,
1557,1979-10-24,10-24-79,0,107,0,0,,
1558,1979-10-25,10-25-79,0,59,0,0,,
1559,1979-10-31,10-31-79,0,5,0,0,,
1560,1979-11-02,11-02-79,0,5,0,0,,
1561,1979-11-04,11-04-79,0,35,0,0,,
1562,1979-11-05,11-05-79,0,36,0,0,,
1563,1979-11-08,11-08-79,0,141,0,0,,
1564,1979-11-09,11-09-79,0,9,0,0,,
1565,1979-11-10,11-10-79,0,521,0,0,,
1566,1979-11-23,11-23-79,0,194,0,0,,
1567,1979-11-24,11-24-79,0,194,0,0,,
1568,1979-11-25,11-25-79,0,46,0,0,,
1569,1979-11-29,11-29-79,0,161,0,0,,
1570,1979-11-30,11-30-79,0,61,0,1,,
1571,1979-12-03,12-03-79,0,171,0,0,,
1572,1979-12-04,12-04-79,0,171,0,0,,
1573,1979-12-05,12-05-79,0,171,0,0,,
1574,1979-12-07,12-07-79,0,522,0,0,,
1575,1979-12-09,12-09-79,0,364,0,0,,
1576,1979-12-10,12-10-79,0,477,0,0,,
1577,1979-12-11,12-11-79,0,477,0,0,,
1578,1979-12-27,12-27-79,0,55,0,0,,
1579,1979-12-30,12-30-79,0,55,0,0,,
1580,1980-03-30,03-30-80,0,60,0,1,,
1581,1980-03-31,03-31-80,0,60,0,0,,
1582,1980-04-29,04-29-80,0,48,0,0,,
1583,1980-05-01,05-01-80,0,76,0,0,,
1584,1980-05-02,05-02-80,0,6,0,0,,
1585,1980-05-04,05-04-80,0,174,0,0,,
1586,1980-05-06,05-06-80,0,234,0,0,,
1587,1980-05-07,05-07-80,0,1,0,0,,
1588,1980-05-08,05-08-80,0,244,0,0,,
1589,1980-05-11,05-11-80,0,245,0,0,,
1590,1980-05-12,05-12-80,0,12,0,0,,
1591,1980-05-15,05-15-80,0,5,0,0,,
1592,1980-05-29,05-29-80,0,523,0,0,,
1593,1980-05-30,05-30-80,0,503,0,0,,
1594,1980-06-05,06-05-80,0,524,0,0,,
1595,1980-06-07,06-07-80,0,237,0,0,,
1596,1980-06-12,06-12-80,0,22,0,0,,
1597,1980-06-13,06-13-80,0,443,0,0,,
1598,1980-06-14,06-14-80,0,525,0,0,,
1599,1980-06-19,06-19-80,0,131,0,0,,
1600,1980-06-29,06-29-80,0,46,0,0,,
1601,1980-07-01,07-01-80,0,217,0,0,,
1602,1980-08-16,08-16-80,0,421,0,0,,
1603,1980-08-17,08-17-80,0,242,0,0,,
1604,1980-08-20,08-20-80,0,171,0,0,,
1605,1980-08-23,08-23-80,0,64,0,0,,
1606,1980-08-24,08-24-80,0,526,0,0,,
1607,1980-08-26,08-26-80,0,161,0,0,,
1608,1980-08-27,08-27-80,0,527,0,0,,
1609,1980-08-29,08-29-80,0,36,0,0,,
1610,1980-08-30,08-30-80,0,36,0,0,,
1611,1980-08-31,08-31-80,0,141,0,0,,
1612,1980-09-03,09-03-80,0,107,0,0,,
1613,1980-09-04,09-04-80,0,35,0,0,,
1614,1980-09-27,09-27-80,0,132,0,0,,
1615,1980-09-29,09-29-80,0,132,0,0,,
1616,1980-09-30,09-30-80,0,132,0,0,,
1617,1980-10-02,10-02-80,0,132,0,0,,
1618,1980-10-03,10-03-80,0,132,0,0,,
1619,1980-10-06,10-06-80,0,132,0,1,,Only have Acoustic Set
1620,1980-10-07,10-07-80,0,132,0,0,,
1621,1980-10-09,10-09-80,0,132,0,0,,
1622,1980-10-13,10-13-80,0,132,0,0,,
1623,1980-10-14,10-14-80,0,132,0,0,,
1624,1980-10-18,10-18-80,0,176,0,0,,
1625,1980-10-19,10-19-80,0,176,0,0,,
1626,1980-10-22,10-22-80,0,50,0,0,,
1627,1980-10-23,10-23-80,0,50,0,0,,
1628,1980-10-27,10-27-80,0,50,0,0,,
1629,1980-10-29,10-29-80,0,50,0,0,,
1630,1980-11-26,11-26-80,0,85,0,0,,
1631,1980-11-28,11-28-80,0,228,0,0,,
1632,1980-11-30,11-30-80,0,48,0,0,,
1633,1980-12-12,12-12-80,0,19,0,0,,
1634,1980-12-13,12-13-80,0,213,0,0,,
1635,1980-12-14,12-14-80,0,213,0,0,,
1636,1980-12-26,12-26-80,0,55,0,0,,
1637,1980-12-27,12-27-80,0,55,0,0,,
1638,1980-12-30,12-30-80,0,55,0,0,,
1639,1981-02-26,02-26-81,0,171,0,0,,
1640,1981-03-02,03-02-81,0,430,0,0,,
1641,1981-03-03,03-03-81,0,430,0,0,,
1642,1981-03-05,03-05-81,0,61,0,0,,
1643,1981-03-06,03-06-81,0,61,0,0,,
1644,1981-03-12,03-12-81,0,12,0,0,,
1645,1981-03-14,03-14-81,0,110,0,0,,
1646,1981-03-20,03-20-81,0,240,0,0,,
1647,1981-03-23,03-23-81,0,240,0,0,,
1648,1981-03-24,03-24-81,0,240,0,0,,
1649,1981-04-30,04-30-81,0,76,0,0,,
1650,1981-05-02,05-02-81,0,36,0,0,,
1651,1981-05-05,05-05-81,0,244,0,0,,
1652,1981-05-12,05-12-81,0,59,0,0,,
1653,1981-05-15,05-15-81,0,528,0,0,,
1654,1981-05-17,05-17-81,0,226,0,0,,
1655,1981-07-02,07-02-81,0,511,0,0,,
1656,1981-07-05,07-05-81,0,256,0,0,,
1657,1981-07-08,07-08-81,0,364,0,0,,
1658,1981-07-10,07-10-81,0,172,0,0,,
1659,1981-07-11,07-11-81,0,64,0,0,,
1660,1981-07-14,07-14-81,0,112,0,0,,
1661,1981-08-12,08-12-81,0,481,0,0,,
1662,1981-08-14,08-14-81,0,113,0,0,,
1663,1981-08-15,08-15-81,0,22,0,0,,
1664,1981-08-16,08-16-81,0,73,0,0,,
1665,1981-08-27,08-27-81,0,213,0,0,,
1666,1981-08-28,08-28-81,0,213,0,0,,
1667,1981-08-30,08-30-81,0,524,0,0,,
1668,1981-08-31,08-31-81,0,246,0,0,,
1669,1981-09-12,09-12-81,0,29,0,0,,
1670,1981-09-13,09-13-81,0,29,0,0,,
1671,1981-09-25,09-25-81,0,529,0,0,,
1672,1981-09-26,09-26-81,0,9,0,0,,
1673,1981-09-27,09-27-81,0,141,0,0,,
1674,1981-09-30,09-30-81,0,530,0,0,,
1675,1981-10-02,10-02-81,0,240,0,0,,
1676,1981-10-03,10-03-81,0,240,0,0,,
1677,1981-10-08,10-08-81,0,531,0,0,,
1678,1981-10-10,10-10-81,0,532,0,0,,
1679,1981-10-12,10-12-81,0,490,0,0,,
1680,1981-10-13,10-13-81,0,533,0,0,,
1681,1981-10-15,10-15-81,0,63,0,0,,
1682,1981-10-17,10-17-81,0,534,0,0,,
1683,1981-11-29,11-29-81,0,254,0,0,,
1684,1981-11-30,11-30-81,0,535,0,0,,
1685,1981-12-02,12-02-81,0,480,0,0,,
1686,1981-12-05,12-05-81,0,492,0,0,,
1687,1981-12-06,12-06-81,0,145,0,0,,
1688,1981-12-07,12-07-81,0,523,0,0,,
1689,1981-12-09,12-09-81,0,536,0,0,,
1690,1981-12-12,12-12-81,0,537,0,0,,
1691,1981-12-26,12-26-81,0,55,0,0,,
1692,1981-12-28,12-28-81,0,55,0,0,,
1693,1981-12-30,12-30-81,0,55,0,1,,
1694,1982-02-16,02-16-82,0,132,0,0,,
1695,1982-02-17,02-17-82,0,132,0,0,,
1696,1982-02-19,02-19-82,0,194,0,0,,
1697,1982-02-20,02-20-82,0,194,0,0,,
1698,1982-02-21,02-21-82,0,46,0,0,,
1699,1982-03-13,03-13-82,0,538,0,0,,
1700,1982-03-14,03-14-82,0,539,0,0,,
1701,1982-04-03,04-03-82,0,540,0,0,,
1702,1982-04-05,04-05-82,0,36,0,0,,
1703,1982-04-08,04-08-82,0,226,0,0,,
1704,1982-04-09,04-09-82,0,126,0,0,,
1705,1982-04-11,04-11-82,0,5,0,0,,
1706,1982-04-12,04-12-82,0,5,0,0,,
1707,1982-04-15,04-15-82,0,35,0,0,,
1708,1982-05-21,05-21-82,0,29,0,0,,
1709,1982-05-28,05-28-82,0,541,0,0,,
1710,1982-07-25,07-25-82,0,524,0,0,,
1711,1982-07-27,07-27-82,0,10,0,0,,
1712,1982-07-29,07-29-82,0,10,0,0,,
1713,1982-08-01,08-01-82,0,256,0,0,,
1714,1982-08-04,08-04-82,0,364,0,0,,
1715,1982-08-28,08-28-82,0,542,0,0,,
1716,1982-08-29,08-29-82,0,113,0,0,,
1717,1982-09-05,09-05-82,0,543,0,0,,
1718,1982-09-11,09-11-82,0,544,0,0,,
1719,1982-09-12,09-12-82,0,228,0,0,,
1720,1982-09-14,09-14-82,0,545,0,0,,
1721,1982-09-18,09-18-82,0,12,0,0,,
1722,1982-09-20,09-20-82,0,8,0,0,,
1723,1982-09-23,09-23-82,0,59,0,0,,
1724,1982-09-24,09-24-82,0,136,0,0,,
1725,1982-10-17,10-17-82,0,251,0,0,,
1726,1982-11-25,11-25-82,0,546,0,0,,
1727,1982-12-26,12-26-82,0,55,0,0,,
1728,1982-12-27,12-27-82,0,55,0,0,,
1729,1982-12-28,12-28-82,0,55,0,0,,
1730,1982-12-30,12-30-82,0,55,0,0,,
1731,1983-03-25,03-25-83,0,524,0,0,,
1732,1983-03-27,03-27-83,0,252,0,0,,
1733,1983-03-29,03-29-83,0,132,0,0,,
1734,1983-03-30,03-30-83,0,132,0,0,,
1735,1983-03-31,03-31-83,0,132,0,0,,
1736,1983-04-09,04-09-83,0,6,0,0,,
1737,1983-04-10,04-10-83,0,547,0,0,,
1738,1983-04-15,04-15-83,0,126,0,0,,
1739,1983-04-16,04-16-83,0,11,0,0,,
1740,1983-04-20,04-20-83,0,35,0,0,,
1741,1983-04-25,04-25-83,0,36,0,0,,
1742,1983-04-26,04-26-83,0,36,0,0,,
1743,1983-06-22,06-22-83,0,548,0,0,,
1744,1983-06-24,06-24-83,0,18,0,0,,
1745,1983-06-28,06-28-83,0,248,0,0,,
1746,1983-07-30,07-30-83,0,175,0,0,,
1747,1983-07-31,07-31-83,0,175,0,0,,
1748,1983-08-20,08-20-83,0,51,0,0,,
1749,1983-08-21,08-21-83,0,51,0,0,,
1750,1983-08-26,08-26-83,0,22,0,0,,
1751,1983-08-27,08-27-83,0,113,0,0,,
1752,1983-08-29,08-29-83,0,249,0,0,,
1753,1983-08-30,08-30-83,0,249,0,0,,
1754,1983-09-02,09-02-83,0,549,0,0,,
1755,1983-09-06,09-06-83,0,10,0,0,,
1756,1983-09-07,09-07-83,0,10,0,0,,
1757,1983-09-11,09-11-83,0,251,0,0,,
1758,1983-09-13,09-13-83,0,241,0,0,,
1759,1983-09-18,09-18-83,0,550,0,0,,
1760,1983-09-24,09-24-83,0,551,0,0,,
1761,1983-10-09,10-09-83,0,76,0,0,,
1762,1983-10-12,10-12-83,0,8,0,0,,
1763,1983-10-17,10-17-83,0,552,0,0,,
1764,1983-10-18,10-18-83,0,245,0,0,,
1765,1983-10-20,10-20-83,0,109,0,0,,
1766,1983-10-22,10-22-83,0,136,0,0,,
1767,1983-10-30,10-30-83,0,134,0,0,,
1768,1983-12-28,12-28-83,0,177,0,0,,
1769,1984-03-28,03-28-84,0,134,0,0,,
1770,1984-03-29,03-29-84,0,134,0,0,,
1771,1984-03-31,03-31-84,0,134,0,0,,
1772,1984-04-06,04-06-84,0,246,0,0,,
1773,1984-04-07,04-07-84,0,252,0,0,,
1774,1984-04-13,04-13-84,0,6,0,0,,
1775,1984-04-14,04-14-84,0,6,0,0,,
1776,1984-04-16,04-16-84,0,126,0,0,,
1777,1984-04-17,04-17-84,0,553,0,0,,
1778,1984-04-19,04-19-84,0,489,0,0,,
1779,1984-04-20,04-20-84,0,489,0,0,,
1780,1984-04-21,04-21-84,0,489,0,0,,
1781,1984-04-23,04-23-84,0,59,0,1,,Only have first set
1782,1984-04-24,04-24-84,0,59,0,0,,
1783,1984-04-27,04-27-84,0,35,0,0,,
1784,1984-04-29,04-29-84,0,5,0,0,,
1785,1984-04-30,04-30-84,0,5,0,0,,
1786,1984-05-06,05-06-84,0,249,0,1,,
1787,1984-05-07,05-07-84,0,249,0,1,,
1788,1984-06-09,06-09-84,0,65,0,0,,
1789,1984-06-10,06-10-84,0,65,0,0,,
1790,1984-06-12,06-12-84,0,10,0,0,,
1791,1984-06-13,06-13-84,0,10,0,0,,
1792,1984-06-14,06-14-84,0,10,0,0,,
1793,1984-06-23,06-23-84,0,548,0,0,,
1794,1984-06-26,06-26-84,0,38,0,0,,
1795,1984-06-27,06-27-84,0,38,0,0,,
1796,1984-06-29,06-29-84,0,253,0,0,,
1797,1984-06-30,06-30-84,0,554,0,0,,
1798,1984-07-01,07-01-84,0,527,0,0,,
1799,1984-07-03,07-03-84,0,89,0,0,,
1800,1984-07-04,07-04-84,0,555,0,1,,
1801,1984-07-06,07-06-84,0,64,0,0,,
1802,1984-07-07,07-07-84,0,64,0,0,,
1803,1984-07-21,07-21-84,0,175,0,0,,
1804,1984-10-05,10-05-84,0,25,0,1,,
1805,1984-10-06,10-06-84,0,27,0,0,,
1806,1984-10-14,10-14-84,0,110,0,0,,
1807,1984-10-15,10-15-84,0,110,0,0,,
1808,1984-10-17,10-17-84,0,11,0,0,,
1809,1984-10-18,10-18-84,0,11,0,0,,
1810,1984-10-27,10-27-84,0,120,0,0,,
1811,1984-10-28,10-28-84,0,120,0,0,,
1812,1984-10-30,10-30-84,0,120,0,0,,
1813,1984-10-31,10-31-84,0,120,0,0,,
1814,1984-12-28,12-28-84,0,177,0,0,,
1815,1984-12-29,12-29-84,0,177,0,0,,
1816,1985-02-18,02-18-85,0,138,0,0,,
1817,1985-02-19,02-19-85,0,138,0,0,,
1818,1985-02-20,02-20-85,0,138,0,0,,
1819,1985-03-09,03-09-85,0,120,0,0,,
1820,1985-03-10,03-10-85,0,120,0,0,,
1821,1985-03-12,03-12-85,0,120,0,0,,
1822,1985-03-13,03-13-85,0,120,0,0,,
1823,1985-03-21,03-21-85,0,6,0,0,,
1824,1985-03-22,03-22-85,0,6,0,0,,
1825,1985-03-24,03-24-85,0,107,0,0,,
1826,1985-03-27,03-27-85,0,5,0,0,,
1827,1985-03-29,03-29-85,0,5,0,0,,
1828,1985-04-01,04-01-85,0,245,0,0,,
1829,1985-04-03,04-03-85,0,35,0,0,,
1830,1985-04-06,04-06-85,0,36,0,0,,
1831,1985-04-07,04-07-85,0,36,0,0,,
1832,1985-04-13,04-13-85,0,252,0,0,,
1833,1985-06-21,06-21-85,0,64,0,0,,
1834,1985-07-13,07-13-85,0,175,0,0,,
1835,1985-07-14,07-14-85,0,175,0,0,,
1836,1985-08-24,08-24-85,0,556,0,0,,
1837,1985-08-31,08-31-85,0,241,0,0,,
1838,1985-09-05,09-05-85,0,10,0,0,,
1839,1985-09-06,09-06-85,0,10,0,0,,
1840,1985-09-10,09-10-85,0,138,0,0,,
1841,1985-09-12,09-12-85,0,138,0,0,,
1842,1985-10-25,10-25-85,0,85,0,0,,
1843,1985-10-26,10-26-85,0,557,0,0,,
1844,1985-10-28,10-28-85,0,48,0,0,,
1845,1985-10-29,10-29-85,0,48,0,0,,
1846,1985-11-04,11-04-85,0,109,0,0,,
1847,1985-11-07,11-07-85,0,126,0,0,,
1848,1985-11-08,11-08-85,0,126,0,0,,
1849,1985-11-11,11-11-85,0,11,0,0,,
1850,1985-11-16,11-16-85,0,213,0,0,,
1851,1985-11-17,11-17-85,0,213,0,0,,
1852,1985-11-20,11-20-85,0,138,0,0,,
1853,1985-11-22,11-22-85,0,138,0,0,,
1854,1985-12-31,12-31-85,0,24,0,0,,
1855,1986-02-08,02-08-86,0,138,0,0,,
1856,1986-02-09,02-09-86,0,138,0,1,,
1857,1986-02-12,02-12-86,0,138,0,0,,
1858,1986-03-20,03-20-86,0,6,0,0,,
1859,1986-03-21,03-21-86,0,6,0,0,,
1860,1986-03-23,03-23-86,0,36,0,0,,
1861,1986-03-25,03-25-86,0,36,0,0,,
1862,1986-03-27,03-27-86,0,245,0,0,,
1863,1986-03-30,03-30-86,0,35,0,0,,
1864,1986-03-31,03-31-86,0,35,0,0,,
1865,1986-04-01,04-01-86,0,35,0,0,,
1866,1986-04-04,04-04-86,0,110,0,0,,
1867,1986-04-12,04-12-86,0,252,0,0,,
1868,1986-04-13,04-13-86,0,252,0,0,,
1869,1986-04-18,04-18-86,0,120,0,0,,
1870,1986-04-21,04-21-86,0,120,0,0,,
1871,1986-05-03,05-03-86,0,65,0,0,,
1872,1986-05-04,05-04-86,0,65,0,0,,
1873,1986-05-10,05-10-86,0,51,0,0,,
1874,1986-05-11,05-11-86,0,51,0,0,,
1875,1986-06-20,06-20-86,0,29,0,0,,
1876,1986-06-21,06-21-86,0,29,0,0,,
1877,1986-06-28,06-28-86,0,64,0,0,,
1878,1986-06-29,06-29-86,0,64,0,0,,
1879,1986-06-30,06-30-86,0,74,0,0,,
1880,1986-07-02,07-02-86,0,558,0,0,,
1881,1986-07-06,07-06-86,0,16,0,0,,
1882,1986-07-07,07-07-86,0,16,0,0,,
1883,1986-12-16,12-16-86,0,24,0,0,,
1884,1986-12-17,12-17-86,0,24,0,0,,
1885,1986-12-30,12-30-86,0,138,0,0,,
1886,1987-01-28,01-28-87,0,177,0,0,,
1887,1987-01-29,01-29-87,0,177,0,0,,
1888,1987-01-30,01-30-87,0,177,0,0,,
1889,1987-03-01,03-01-87,0,138,0,0,,
1890,1987-03-22,03-22-87,0,6,0,0,,
1891,1987-03-23,03-23-87,0,6,0,0,,
1892,1987-03-24,03-24-87,0,6,0,0,,
1893,1987-04-02,04-02-87,0,109,0,0,,
1894,1987-04-03,04-03-87,0,109,0,0,,
1895,1987-04-04,04-04-87,0,109,0,0,,
1896,1987-04-06,04-06-87,0,11,0,0,,
1897,1987-04-09,04-09-87,0,559,0,0,,
1898,1987-04-10,04-10-87,0,559,0,0,,
1899,1987-04-11,04-11-87,0,559,0,0,,
1900,1987-04-17,04-17-87,0,252,0,0,,
1901,1987-04-18,04-18-87,0,252,0,0,,
1902,1987-04-19,04-19-87,0,252,0,0,,
1903,1987-05-02,05-02-87,0,51,0,0,,
1904,1987-05-03,05-03-87,0,51,0,1,,
1905,1987-05-09,05-09-87,0,140,0,1,,
1906,1987-05-10,05-10-87,0,140,0,0,,
1907,1987-06-12,06-12-87,0,175,0,0,,
1908,1987-06-14,06-14-87,0,175,0,0,,
1909,1987-06-19,06-19-87,0,29,0,0,,
1910,1987-06-21,06-21-87,0,29,0,0,,
1911,1987-06-26,06-26-87,0,64,0,0,,
1912,1987-06-27,06-27-87,0,64,0,0,,
1913,1987-06-28,06-28-87,0,64,0,0,,
1914,1987-06-30,06-30-87,0,178,0,0,,
1915,1987-07-04,07-04-87,0,560,0,0,,
1916,1987-07-08,07-08-87,0,222,0,0,,
1917,1987-07-26,07-26-87,0,561,0,0,,
1918,1987-08-11,08-11-87,0,10,0,0,,
1919,1987-08-13,08-13-87,0,10,0,0,,
1920,1987-08-15,08-15-87,0,562,0,0,,
1921,1987-08-16,08-16-87,0,562,0,0,,
1922,1987-08-22,08-22-87,0,180,0,0,,
1923,1987-09-07,09-07-87,0,35,0,0,,
1924,1987-09-08,09-08-87,0,35,0,0,,
1925,1987-09-11,09-11-87,0,141,0,0,,
1926,1987-09-12,09-12-87,0,141,0,0,,
1927,1987-09-13,09-13-87,0,141,0,0,,
1928,1987-09-16,09-16-87,0,8,0,0,,
1929,1987-09-19,09-19-87,0,8,0,1,,
1930,1987-09-20,09-20-87,0,8,0,1,,
1931,1987-09-23,09-23-87,0,36,0,1,,
1932,1987-09-24,09-24-87,0,36,0,0,,
1933,1987-10-02,10-02-87,0,43,0,0,,
1934,1987-11-06,11-06-87,0,138,0,0,,
1935,1987-11-08,11-08-87,0,138,0,0,,
1936,1987-11-13,11-13-87,0,213,0,0,,
1937,1987-11-14,11-14-87,0,213,0,0,,
1938,1987-11-15,11-15-87,0,213,0,0,,
1939,1987-12-28,12-28-87,0,24,0,1,,
1940,1987-12-30,12-30-87,0,24,0,0,,
1941,1988-02-13,02-13-88,0,138,0,0,,
1942,1988-02-14,02-14-88,0,138,0,0,,
1943,1988-02-16,02-16-88,0,138,0,1,,
1944,1988-02-17,02-17-88,0,138,0,0,,
1945,1988-03-17,03-17-88,0,138,0,0,,
1946,1988-03-18,03-18-88,0,138,0,0,,
1947,1988-03-24,03-24-88,0,95,0,0,,
1948,1988-03-26,03-26-88,0,6,0,0,,
1949,1988-03-30,03-30-88,0,11,0,0,,
1950,1988-04-03,04-03-88,0,110,0,0,,
1951,1988-04-04,04-04-88,0,110,0,0,,
1952,1988-04-07,04-07-88,0,109,0,1,,
1953,1988-04-08,04-08-88,0,109,0,0,,
1954,1988-04-11,04-11-88,0,563,0,0,,
1955,1988-04-13,04-13-88,0,145,0,0,,
1956,1988-04-14,04-14-88,0,145,0,0,,
1957,1988-04-22,04-22-88,0,252,0,0,,
1958,1988-04-23,04-23-88,0,252,0,0,,
1959,1988-04-24,04-24-88,0,252,0,0,,
1960,1988-06-19,06-19-88,0,64,0,0,,
1961,1988-06-20,06-20-88,0,64,0,0,,
1962,1988-06-22,06-22-88,0,64,0,0,,
1963,1988-06-25,06-25-88,0,144,0,0,,
1964,1988-07-15,07-15-88,0,29,0,0,,
1965,1988-07-30,07-30-88,0,140,0,0,,
1966,1988-08-26,08-26-88,0,564,0,0,,
1967,1988-09-02,09-02-88,0,141,0,0,,
1968,1988-09-05,09-05-88,0,141,0,0,,
1969,1988-09-06,09-06-88,0,141,0,0,,
1970,1988-09-08,09-08-88,0,36,0,0,,
1971,1988-09-11,09-11-88,0,36,0,0,,
1972,1988-09-12,09-12-88,0,36,0,0,,
1973,1988-09-14,09-14-88,0,8,0,0,,
1974,1988-09-15,09-15-88,0,8,0,1,,
1975,1988-09-18,09-18-88,0,8,0,0,,
1976,1988-09-19,09-19-88,0,8,0,0,,
1977,1988-09-20,09-20-88,0,8,0,0,,
1978,1988-09-22,09-22-88,0,8,0,0,,
1979,1988-09-23,09-23-88,0,8,0,0,,
1980,1988-09-30,09-30-88,0,43,0,1,,
1981,1988-10-01,10-01-88,0,43,0,0,,
1982,1988-10-02,10-02-88,0,43,0,0,,
1983,1988-10-14,10-14-88,0,91,0,0,,
1984,1988-10-16,10-16-88,0,261,0,0,,
1985,1988-10-18,10-18-88,0,565,0,0,,
1986,1988-10-20,10-20-88,0,511,0,0,,
1987,1988-10-21,10-21-88,0,566,0,0,,
1988,1988-12-09,12-09-88,0,213,0,0,,
1989,1988-12-10,12-10-88,0,213,0,0,,
1990,1988-12-11,12-11-88,0,213,0,0,,
1991,1988-12-28,12-28-88,0,24,0,0,,
1992,1988-12-29,12-29-88,0,24,0,0,,
1993,1988-12-31,12-31-88,0,24,0,0,,
1994,1989-02-06,02-06-89,0,138,0,0,,
1995,1989-02-07,02-07-89,0,138,0,0,,
1996,1989-02-10,02-10-89,0,142,0,0,,
1997,1989-02-11,02-11-89,0,142,0,0,,
1998,1989-03-27,03-27-89,0,95,0,0,,
1999,1989-03-30,03-30-89,0,76,0,0,,
2000,1989-03-31,03-31-89,0,76,0,0,,
2001,1989-04-02,04-02-89,0,254,0,0,,
2002,1989-04-03,04-03-89,0,254,0,0,,
2003,1989-04-05,04-05-89,0,521,0,0,,
2004,1989-04-06,04-06-89,0,521,0,0,,
2005,1989-04-11,04-11-89,0,145,0,0,,
2006,1989-04-12,04-12-89,0,145,0,0,,
2007,1989-04-13,04-13-89,0,145,0,0,,
2008,1989-04-16,04-16-89,0,263,0,0,,
2009,1989-04-17,04-17-89,0,260,0,0,,
2010,1989-04-28,04-28-89,0,252,0,0,,
2011,1989-04-29,04-29-89,0,252,0,0,,
2012,1989-04-30,04-30-89,0,252,0,0,,
2013,1989-05-27,05-27-89,0,70,0,0,,
2014,1989-07-12,07-12-89,0,16,0,0,,
2015,1989-07-13,07-13-89,0,16,0,0,,
2016,1989-07-15,07-15-89,0,66,0,0,,
2017,1989-08-04,08-04-89,0,65,0,0,,
2018,1989-08-05,08-05-89,0,65,0,0,,
2019,1989-08-06,08-06-89,0,65,0,0,,
2020,1989-08-18,08-18-89,0,29,0,0,,
2021,1989-09-30,09-30-89,0,43,0,0,,
2022,1989-10-11,10-11-89,0,11,0,0,,
2023,1989-10-12,10-12-89,0,11,0,0,,
2024,1989-10-14,10-14-89,0,11,0,0,,
2025,1989-10-15,10-15-89,0,11,0,0,,
2026,1989-10-23,10-23-89,0,25,0,0,,
2027,1989-10-25,10-25-89,0,91,0,0,,
2028,1989-12-06,12-06-89,0,24,0,0,,
2029,1989-12-08,12-08-89,0,142,0,0,,
2030,1989-12-09,12-09-89,0,142,0,0,,
2031,1989-12-27,12-27-89,0,24,0,0,,
2032,1989-12-28,12-28-89,0,24,0,0,,
2033,1989-12-30,12-30-89,0,24,0,0,,
2034,1990-02-25,02-25-90,0,24,0,0,,
2035,1990-02-26,02-26-90,0,24,0,0,,
2036,1990-02-27,02-27-90,0,24,0,1,,
2037,1990-04-01,04-01-90,0,95,0,0,,
2038,1990-04-03,04-03-90,0,95,0,0,,
2039,1990-06-09,06-09-90,0,65,0,0,,
2040,1990-06-16,06-16-90,0,43,0,0,,
2041,1990-06-17,06-17-90,0,43,0,0,,
2042,1990-07-04,07-04-90,0,77,0,0,,
2043,1990-07-08,07-08-90,0,79,0,0,,
2044,1990-07-10,07-10-90,0,567,0,0,,
2045,1990-07-19,07-19-90,0,66,0,0,,
2046,1990-07-22,07-22-90,0,181,0,0,,
2047,1990-09-07,09-07-90,0,182,0,0,,
2048,1990-09-10,09-10-90,0,36,0,0,,
2049,1990-09-11,09-11-90,0,36,0,0,,
2050,1990-09-12,09-12-90,0,36,0,0,,
2051,1990-10-13,10-13-90,0,568,0,0,,
2052,1990-10-17,10-17-90,0,569,0,0,,
2053,1990-10-19,10-19-90,0,111,0,0,,
2054,1990-10-22,10-22-90,0,570,0,0,,
2055,1990-10-24,10-24-90,0,571,0,0,,
2056,1990-12-03,12-03-90,0,24,0,0,,
2057,1990-12-04,12-04-90,0,24,0,0,,
2058,1990-12-08,12-08-90,0,259,0,0,,
2059,1990-12-09,12-09-90,0,259,0,0,,
2060,1990-12-14,12-14-90,0,112,0,0,,
2061,1990-12-28,12-28-90,0,24,0,0,,
2062,1991-02-20,02-20-91,0,24,0,0,,
2063,1991-03-18,03-18-91,0,141,0,1,,
2064,1991-03-28,03-28-91,0,5,0,0,,
2065,1991-03-29,03-29-91,0,5,0,0,,
2066,1991-03-31,03-31-91,0,76,0,0,,
2067,1991-04-03,04-03-91,0,95,0,0,,
2068,1991-04-04,04-04-91,0,95,0,0,,
2069,1991-04-05,04-05-91,0,95,0,0,,
2070,1991-04-07,04-07-91,0,572,0,1,,
2071,1991-04-08,04-08-91,0,572,0,0,,
2072,1991-04-09,04-09-91,0,572,0,0,,
2073,1991-04-28,04-28-91,0,39,0,0,,
2074,1991-05-03,05-03-91,0,65,0,0,,
2075,1991-05-04,05-04-91,0,65,0,0,,
2076,1991-05-05,05-05-91,0,65,0,0,,
2077,1991-05-10,05-10-91,0,43,0,0,,
2078,1991-05-11,05-11-91,0,43,0,0,,
2079,1991-06-01,06-01-91,0,573,0,0,,
2080,1991-06-11,06-11-91,0,25,0,0,,
2081,1991-06-12,06-12-91,0,25,0,0,,
2082,1991-06-16,06-16-91,0,56,0,0,,
2083,1991-06-19,06-19-91,0,527,0,0,,
2084,1991-06-20,06-20-91,0,527,0,0,,
2085,1991-06-24,06-24-91,0,77,0,0,,
2086,1991-06-28,06-28-91,0,574,0,0,,
2087,1991-08-12,08-12-91,0,65,0,0,,
2088,1991-08-13,08-13-91,0,65,0,0,,
2089,1991-09-04,09-04-91,0,182,0,0,,
2090,1991-09-05,09-05-91,0,182,0,0,,
2091,1991-09-06,09-06-91,0,182,0,1,,
2092,1991-09-08,09-08-91,0,8,0,0,,
2093,1991-09-12,09-12-91,0,8,0,0,,
2094,1991-09-14,09-14-91,0,8,0,0,,
2095,1991-09-17,09-17-91,0,8,0,0,,
2096,1991-09-18,09-18-91,0,8,0,0,,
2097,1991-09-21,09-21-91,0,12,0,0,,
2098,1991-10-28,10-28-91,0,24,0,0,,
2099,1991-10-30,10-30-91,0,24,0,0,,
2100,1991-12-27,12-27-91,0,24,0,0,,
2101,1991-12-30,12-30-91,0,24,0,0,,
2102,1992-02-22,02-22-92,0,24,0,0,,
2103,1992-02-23,02-23-92,0,24,0,0,,
2104,1992-02-24,02-24-92,0,24,0,0,,
2105,1992-03-01,03-01-92,0,95,0,0,,
2106,1992-03-02,03-02-92,0,95,0,0,,
2107,1992-03-03,03-03-92,0,95,0,0,,
2108,1992-03-05,03-05-92,0,6,0,0,,
2109,1992-03-06,03-06-92,0,6,0,0,,
2110,1992-03-08,03-08-92,0,141,0,0,,
2111,1992-03-09,03-09-92,0,141,0,0,,
2112,1992-03-11,03-11-92,0,5,0,0,,
2113,1992-03-12,03-12-92,0,5,0,0,,
2114,1992-03-13,03-13-92,0,5,0,0,,
2115,1992-03-17,03-17-92,0,36,0,0,,
2116,1992-03-18,03-18-92,0,36,0,0,,
2117,1992-03-23,03-23-92,0,146,0,0,,
2118,1992-03-24,03-24-92,0,146,0,0,,
2119,1992-05-20,05-20-92,0,65,0,1,,
2120,1992-05-29,05-29-92,0,39,0,0,,
2121,1992-06-06,06-06-92,0,92,0,0,,
2122,1992-06-09,06-09-92,0,182,0,0,,
2123,1992-06-11,06-11-92,0,30,0,0,,
2124,1992-06-14,06-14-92,0,56,0,0,,
2125,1992-06-17,06-17-92,0,25,0,0,,
2126,1992-06-29,06-29-92,0,66,0,0,,
2127,1992-12-02,12-02-92,0,112,0,0,,
2128,1992-12-05,12-05-92,0,259,0,0,,
2129,1992-12-13,12-13-92,0,24,0,0,,
2130,1992-12-17,12-17-92,0,24,0,0,,
2131,1993-01-25,01-25-93,0,24,0,0,,
2132,1993-01-26,01-26-93,0,24,0,0,,
2133,1993-03-09,03-09-93,0,145,0,0,,
2134,1993-03-14,03-14-93,0,182,0,0,,
2135,1993-03-16,03-16-93,0,141,0,0,,
2136,1993-03-20,03-20-93,0,95,0,0,,
2137,1993-03-21,03-21-93,0,95,0,0,,
2138,1993-03-22,03-22-93,0,95,0,0,,
2139,1993-03-28,03-28-93,0,30,0,0,,
2140,1993-03-29,03-29-93,0,30,0,0,,
2141,1993-04-02,04-02-93,0,5,0,0,,
2142,1993-04-04,04-04-93,0,5,0,1,,
2143,1993-05-21,05-21-93,0,43,0,0,,
2144,1993-05-22,05-22-93,0,43,0,1,,
2145,1993-06-08,06-08-93,0,146,0,0,,
2146,1993-06-09,06-09-93,0,146,0,0,,
2147,1993-06-13,06-13-93,0,92,0,0,,
2148,1993-06-15,06-15-93,0,23,0,0,,
2149,1993-06-16,06-16-93,0,23,0,0,,
2150,1993-06-21,06-21-93,0,66,0,0,,
2151,1993-06-23,06-23-93,0,66,0,0,,
2152,1993-06-25,06-25-93,0,16,0,0,,
2153,1993-08-26,08-26-93,0,43,0,0,,
2154,1993-09-08,09-08-93,0,182,0,0,,
2155,1993-09-10,09-10-93,0,182,0,0,,
2156,1993-09-12,09-12-93,0,36,0,0,,
2157,1993-09-14,09-14-93,0,36,0,0,,
2158,1993-09-17,09-17-93,0,8,0,0,,
2159,1993-09-21,09-21-93,0,8,0,0,,
2160,1993-09-24,09-24-93,0,12,0,0,,
2161,1993-09-25,09-25-93,0,12,0,0,,
2162,1993-09-26,09-26-93,0,12,0,0,,
2163,1993-12-13,12-13-93,0,217,0,0,,
2164,1993-12-18,12-18-93,0,24,0,0,,
2165,1993-12-19,12-19-93,0,24,0,1,,
2166,1994-02-25,02-25-94,0,24,0,0,,
2167,1994-02-26,02-26-94,0,24,0,0,,
2168,1994-03-04,03-04-94,0,575,0,0,,
2169,1994-03-05,03-05-94,0,575,0,0,,
2170,1994-03-06,03-06-94,0,575,0,0,,
2171,1994-03-17,03-17-94,0,145,0,0,,
2172,1994-03-20,03-20-94,0,182,0,0,,
2173,1994-03-23,03-23-94,0,5,0,0,,
2174,1994-03-24,03-24-94,0,5,0,0,,
2175,1994-03-31,03-31-94,0,95,0,0,,
2176,1994-04-04,04-04-94,0,572,0,0,,
2177,1994-04-06,04-06-94,0,91,0,0,,
2178,1994-04-07,04-07-94,0,91,0,0,,
2179,1994-04-08,04-08-94,0,91,0,0,,
2180,1994-06-09,06-09-94,0,65,0,0,,
2181,1994-06-13,06-13-94,0,576,0,0,,
2182,1994-06-14,06-14-94,0,576,0,0,,
2183,1994-06-24,06-24-94,0,39,0,0,,
2184,1994-06-25,06-25-94,0,39,0,0,,
2185,1994-07-16,07-16-94,0,16,0,0,,
2186,1994-07-17,07-17-94,0,16,0,0,,
2187,1994-07-19,07-19-94,0,66,0,0,,
2188,1994-07-21,07-21-94,0,66,0,1,,
2189,1994-07-26,07-26-94,0,97,0,0,,
2190,1994-07-27,07-27-94,0,97,0,0,,
2191,1994-08-03,08-03-94,0,56,0,0,,
2192,1994-09-16,09-16-94,0,43,0,0,,
2193,1994-09-17,09-17-94,0,43,0,0,,
2194,1994-09-27,09-27-94,0,12,0,0,,
2195,1994-09-28,09-28-94,0,12,0,0,,
2196,1994-10-09,10-09-94,0,269,0,0,,
2197,1994-10-10,10-10-94,0,269,0,0,,
2198,1994-10-18,10-18-94,0,8,0,0,,
2199,1994-10-19,10-19-94,0,8,0,0,,
2200,1994-11-30,11-30-94,0,112,0,0,,
2201,1994-12-01,12-01-94,0,112,0,0,,
2202,1994-12-08,12-08-94,0,24,0,0,,
2203,1994-12-09,12-09-94,0,24,0,0,,
2204,1994-12-11,12-11-94,0,24,0,0,,
2205,1994-12-12,12-12-94,0,24,0,0,,
2206,1994-12-15,12-15-94,0,96,0,0,,
2207,1994-12-18,12-18-94,0,96,0,0,,
2208,1994-12-19,12-19-94,0,96,0,0,,
2209,1995-02-19,02-19-95,0,147,0,0,,
2210,1995-02-20,02-20-95,0,147,0,0,,
2211,1995-02-24,02-24-95,0,24,0,0,,
2212,1995-02-25,02-25-95,0,24,0,0,,
2213,1995-02-26,02-26-95,0,24,0,0,,
2214,1995-03-22,03-22-95,0,25,0,0,,
2215,1995-03-24,03-24-95,0,25,0,0,,
2216,1995-03-26,03-26-95,0,95,0,0,,
2217,1995-03-27,03-27-95,0,95,0,0,,
2218,1995-04-04,04-04-95,0,577,0,0,,
2219,1995-04-05,04-05-95,0,577,0,0,,
2220,1995-05-19,05-19-95,0,39,0,0,,
2221,1995-05-20,05-20-95,0,39,0,0,,
2222,1995-05-24,05-24-95,0,576,0,0,,
2223,1995-05-25,05-25-95,0,576,0,0,,
2224,1995-05-28,05-28-95,0,270,0,0,,
2225,1995-06-03,06-03-95,0,43,0,0,,
2226,1995-06-27,06-27-95,0,146,0,0,,
2227,1995-07-05,07-05-95,0,97,0,0,,
2228,1970-01-02,01-02-70a,501,3,0,0,,
2229,1970-01-02,01-02-70b,502,3,0,0,,
2230,1970-01-03,01-03-70a,503,3,0,0,,
2231,1970-01-03,01-03-70b,504,3,0,0,,
2232,1967-01-13,01-13-67a,119,120,0,0,,
2233,1967-01-13,01-13-67b,120,34,0,0,,
2234,1967-01-14,01-14-67b,122,34,0,0,,
2235,1966-01-29,01-29-66a,25,578,0,0,,
2236,1966-01-29,01-29-66b,26,37,0,0,,
2237,1970-01-31,01-31-70b,513,152,0,0,,
2238,1969-02-07,02-07-69a,368,61,0,0,,
2239,1969-02-07,02-07-69b,369,61,0,0,,
2240,1969-02-09,02-09-69a,370,579,0,0,,
2241,1969-02-09,02-09-69b,371,579,0,0,,
2242,1969-02-11,02-11-69a,372,3,0,0,,
2243,1969-02-11,02-11-69b,373,3,0,0,,
2244,1970-02-11,02-11-70a,521,3,0,1,,
2245,1969-02-12,02-12-69a,374,3,0,0,,
2246,1969-02-12,02-12-69b,375,3,0,0,,
2247,1970-02-13,02-13-70a,524,3,0,0,,
2248,1970-02-14,02-14-70a,526,3,0,0,,
2249,1967-03-17,03-17-67b,141,602,0,0,,
2250,1970-03-20,03-20-70a,538,15,0,1,,Sound Quality Shit
2251,1970-03-20,03-20-70b,539,15,0,0,,
2252,1967-04-09,04-09-67a,154,305,0,0,,
2253,1967-04-09,04-09-67b,155,276,0,0,,
2254,1980-04-28,04-28-80b,1187,509,0,0,,
2255,1967-04-30,04-30-67a,164,580,0,0,,
2256,1967-04-30,04-30-67b,165,580,0,0,,
2257,1969-05-03,05-03-69a,410,581,0,0,,
2258,1969-05-03,05-03-69b,411,602,0,0,,
2259,1968-05-07,05-07-68a,278,582,0,0,,
2260,1968-05-07,05-07-68b,279,582,0,0,,
2261,1968-05-08,05-08-68a,280,582,0,0,,
2262,1968-05-08,05-08-68b,281,582,0,0,,
2263,1968-05-09,05-09-68a,282,582,0,0,,
2264,1968-05-09,05-09-68b,283,582,0,0,,
2265,1965-05-12,05-12-65?,3,271,0,0,,
2266,1968-05-18,05-18-68a,286,583,0,0,,
2267,1968-05-18,05-18-68b,287,149,0,0,,
2268,1967-06-08,06-08-67a,177,584,0,0,,
2269,1967-06-08,06-08-67b,178,318,0,0,,
2270,1968-06-14,06-14-68a,296,3,0,0,,
2271,1968-06-14,06-14-68b,297,3,0,0,,
2272,1968-06-15,06-15-68a,298,3,0,0,,
2273,1968-06-15,06-15-68b,299,3,0,0,,
2274,1969-06-20,06-20-69b,431,3,0,0,,
2275,1969-06-20,06-20-69c,432,3,0,0,,
2276,1976-06-26,06-26-76b,942,123,0,0,,
2277,1966-06-00,06-xx-66,50,585,0,0,,
2278,1966-06-00,06-xx-67,187,586,0,0,,
2279,1966-06-00,06-yy-66,51,302,0,0,,
2280,1987-07-06,07-06-87b,1700,254,0,0,,
2281,1969-07-08,07-08-69a,443,587,0,0,,
2282,1969-07-08,07-08-69b,444,587,0,0,,
2283,1967-07-16,07-16-67a,189,588,0,0,,
2284,1967-07-16,07-16-67b,190,186,0,0,,
2285,1967-08-06,08-06-67a,201,589,0,0,,
2286,1967-08-06,08-06-67b,202,590,0,0,,
2287,1965-08-00,08-xx-65,6,591,0,0,,
2288,1965-08-00,08-yy-65,7,592,0,0,,
2289,1965-08-00,08-zz-65,8,593,0,0,,
2290,1965-08-00,09-??-65,9,594,0,0,,
2291,1968-09-01,09-01-68a,315,595,0,0,,
2292,1968-09-01,09-01-68b,316,7,0,0,,
2293,1967-09-09,09-09-67a,214,596,0,0,,
2294,1967-09-09,09-09-67b,215,186,0,0,,
2295,1967-09-24,09-24-67?,220,597,0,0,,
2296,1969-09-26,09-26-69a,461,3,0,0,,
2297,1969-09-26,09-26-69b,462,3,0,0,,
2298,1969-09-27,09-27-69a,463,3,0,0,,
2299,1969-09-27,09-27-69b,464,3,0,0,,
2300,1969-09-29,09-29-69a,465,318,0,0,,
2301,1969-09-29,09-29-69b,466,318,0,0,,
2302,1969-09-30,09-30-69a,467,318,0,0,,
2303,1969-09-30,09-30-69b,468,318,0,0,,
2304,1969-10-01,10-01-69a,469,318,0,0,,
2305,1969-10-01,10-01-69b,470,318,0,0,,
2306,1966-10-08,10-08-66a,81,598,0,0,,
2307,1966-10-08,10-08-66b,82,34,0,0,,
2308,1966-11-00,11-??-65,10,599,0,0,,
2309,1978-11-17,11-17-78b,1090,171,0,0,,
2310,1970-11-21,11-21-70a,631,600,0,0,,
2311,1970-12-27,12-27-70b,640,441,0,0,,
2312,1973-07-27,No Link,0,216,0,1,,Sound check for next days show.  Not in deadbase
2313,1978-08-01,Shakedown Street Rehearsal,0,601,0,1,,Shakedown Street Rehearsal
